,start_freq,end_freq,probability,index
0,1080.1277160644531,1080.13916015625,0.643,96.0
1,1072.9293823242188,1072.9408264160156,0.517,3870.0
2,1072.1282958984375,1072.1397399902344,0.738,4290.0
3,1069.9310302734375,1069.9424743652344,0.637,5442.0
4,1068.9697265625,1068.9811706542969,0.806,5946.0
5,1068.9582824707031,1068.9697265625,0.546,5952.0
6,1068.9239501953125,1068.9353942871094,0.638,5970.0
7,1064.1288757324219,1064.1403198242188,0.691,8484.0
8,1061.2106323242188,1061.2220764160156,0.513,10014.0
9,1061.187744140625,1061.1991882324219,0.591,10026.0
10,1060.272216796875,1060.2836608886719,0.519,10506.0
11,1059.0591430664062,1059.0705871582031,0.581,11142.0
12,1057.6515197753906,1057.6629638671875,0.55,11880.0
13,1056.1294555664062,1056.1408996582031,0.826,12678.0
14,1056.1180114746094,1056.1294555664062,0.845,12684.0
15,1053.03955078125,1053.0509948730469,0.582,14298.0
16,1051.0482788085938,1051.0597229003906,0.918,15342.0
17,1047.1000671386719,1047.1115112304688,0.589,17412.0
18,1046.0014343261719,1046.0128784179688,0.774,17988.0
19,1041.0919189453125,1041.1033630371094,0.554,20562.0
20,1037.1665954589844,1037.1780395507812,0.568,22620.0
21,1036.5943908691406,1036.6058349609375,0.543,22920.0
22,1035.1295471191406,1035.1409912109375,0.613,23688.0
23,1029.4189453125,1029.4303894042969,0.517,26682.0
24,1027.6679992675781,1027.679443359375,0.506,27600.0
25,1135.1966857910156,1135.2081298828125,0.516,792.0
26,1132.9879760742188,1132.9994201660156,0.593,1950.0
27,1130.9967041015625,1131.0081481933594,0.878,2994.0
28,1130.9051513671875,1130.9165954589844,0.847,3042.0
29,1125.823974609375,1125.8354187011719,0.528,5706.0
30,1125.0114440917969,1125.0228881835938,0.845,6132.0
31,1124.7940063476562,1124.8054504394531,0.672,6246.0
32,1120.1705932617188,1120.1820373535156,0.74,8670.0
33,1120.1362609863281,1120.147705078125,0.566,8688.0
34,1120.1019287109375,1120.1133728027344,0.678,8706.0
35,1119.9874877929688,1119.9989318847656,0.606,8766.0
36,1113.922119140625,1113.9335632324219,0.614,11946.0
37,1112.9951477050781,1113.006591796875,0.559,12432.0
38,1111.9880676269531,1111.99951171875,0.638,12960.0
39,1111.907958984375,1111.9194030761719,0.557,13002.0
40,1108.8638305664062,1108.8752746582031,0.529,14598.0
41,1108.4976196289062,1108.5090637207031,0.527,14790.0
42,1103.2905578613281,1103.302001953125,0.518,17520.0
43,1102.8327941894531,1102.84423828125,0.504,17760.0
44,1098.7586975097656,1098.7701416015625,0.527,19896.0
45,1097.2938537597656,1097.3052978515625,0.575,20664.0
46,1095.6802368164062,1095.6916809082031,0.565,21510.0
47,1093.6088562011719,1093.6203002929688,0.636,22596.0
48,1093.2769775390625,1093.2884216308594,0.531,22770.0
49,1091.8121337890625,1091.8235778808594,0.854,23538.0
50,1091.3772583007812,1091.3887023925781,0.516,23766.0
51,1091.2971496582031,1091.30859375,0.682,23808.0
52,1090.6906127929688,1090.7020568847656,0.51,24126.0
53,1090.2671813964844,1090.2786254882812,0.923,24348.0
54,1090.1985168457031,1090.2099609375,0.886,24384.0
55,1090.02685546875,1090.0382995605469,0.525,24474.0
56,1089.8323059082031,1089.84375,0.653,24576.0
57,1089.7407531738281,1089.752197265625,0.757,24624.0
58,1089.7178649902344,1089.7293090820312,0.691,24636.0
59,1089.385986328125,1089.3974304199219,0.546,24810.0
60,1088.4590148925781,1088.470458984375,0.8,25296.0
61,1088.3445739746094,1088.3560180664062,0.804,25356.0
62,1088.3331298828125,1088.3445739746094,0.686,25362.0
63,1088.3216857910156,1088.3331298828125,0.799,25368.0
64,1088.1271362304688,1088.1385803222656,0.738,25470.0
65,1087.7265930175781,1087.738037109375,0.501,25680.0
66,1087.554931640625,1087.5663757324219,0.551,25770.0
67,1087.0513916015625,1087.0628356933594,0.502,26034.0
68,1085.5178833007812,1085.5293273925781,0.875,26838.0
69,1085.5064392089844,1085.5178833007812,0.839,26844.0
70,1083.4236145019531,1083.43505859375,0.698,27936.0
71,1083.1718444824219,1083.1832885742188,0.621,28068.0
72,1083.0345153808594,1083.0459594726562,0.507,28140.0
73,1192.1424865722656,1192.1539306640625,0.687,504.0
74,1184.8297119140625,1184.8411560058594,0.631,4338.0
75,1184.14306640625,1184.1545104980469,0.577,4698.0
76,1181.4765930175781,1181.488037109375,0.558,6096.0
77,1180.4466247558594,1180.4580688476562,0.564,6636.0
78,1180.1490783691406,1180.1605224609375,0.523,6792.0
79,1179.107666015625,1179.1191101074219,0.52,7338.0
80,1178.0548095703125,1178.0662536621094,0.512,7890.0
81,1176.81884765625,1176.8302917480469,0.677,8538.0
82,1175.8346557617188,1175.8460998535156,0.562,9054.0
83,1175.628662109375,1175.6401062011719,0.509,9162.0
84,1174.4728088378906,1174.4842529296875,0.57,9768.0
85,1172.05810546875,1172.0695495605469,0.547,11034.0
86,1171.8635559082031,1171.875,0.602,11136.0
87,1171.5431213378906,1171.5545654296875,0.504,11304.0
88,1170.9022521972656,1170.9136962890625,0.625,11640.0
89,1170.0553894042969,1170.0668334960938,0.569,12084.0
90,1168.1327819824219,1168.1442260742188,0.725,13092.0
91,1165.6837463378906,1165.6951904296875,0.696,14376.0
92,1165.191650390625,1165.2030944824219,0.519,14634.0
93,1159.6755981445312,1159.6870422363281,0.57,17526.0
94,1152.1339416503906,1152.1453857421875,0.713,21480.0
95,1152.008056640625,1152.0195007324219,0.585,21546.0
96,1149.8336791992188,1149.8451232910156,0.831,22686.0
97,1148.0140686035156,1148.0255126953125,0.638,23640.0
98,1147.0069885253906,1147.0184326171875,0.793,24168.0
99,1143.0587768554688,1143.0702209472656,0.789,26238.0
100,1140.3923034667969,1140.4037475585938,0.644,27636.0
101,1248.7678527832031,1248.779296875,0.673,384.0
102,1248.2070922851562,1248.2185363769531,0.551,678.0
103,1247.9896545410156,1248.0010986328125,0.661,792.0
104,1247.9782104492188,1247.9896545410156,0.504,798.0
105,1247.9095458984375,1247.9209899902344,0.531,834.0
106,1246.1128234863281,1246.124267578125,0.698,1776.0
107,1246.0670471191406,1246.0784912109375,0.726,1800.0
108,1246.0441589355469,1246.0556030273438,0.792,1812.0
109,1245.9297180175781,1245.941162109375,0.514,1872.0
110,1245.208740234375,1245.2201843261719,0.629,2250.0
111,1244.9111938476562,1244.9226379394531,0.613,2406.0
112,1244.476318359375,1244.4877624511719,0.63,2634.0
113,1244.4076538085938,1244.4190979003906,0.702,2670.0
114,1244.3962097167969,1244.4076538085938,0.583,2676.0
115,1244.2131042480469,1244.2245483398438,0.887,2772.0
116,1243.9155578613281,1243.927001953125,0.838,2928.0
117,1243.7896728515625,1243.8011169433594,0.73,2994.0
118,1243.7095642089844,1243.7210083007812,0.56,3036.0
119,1241.9586181640625,1241.9700622558594,0.563,3954.0
120,1239.3722534179688,1239.3836975097656,0.595,5310.0
121,1238.8114929199219,1238.8229370117188,0.503,5604.0
122,1237.8616333007812,1237.8730773925781,0.597,6102.0
123,1237.2322082519531,1237.24365234375,0.54,6432.0
124,1236.9232177734375,1236.9346618652344,0.542,6594.0
125,1236.7401123046875,1236.7515563964844,0.542,6690.0
126,1235.1608276367188,1235.1722717285156,0.678,7518.0
127,1235.0692749023438,1235.0807189941406,0.565,7566.0
128,1234.8861694335938,1234.8976135253906,0.53,7662.0
129,1231.5902709960938,1231.6017150878906,0.605,9390.0
130,1228.1112670898438,1228.1227111816406,0.678,11214.0
131,1228.0311584472656,1228.0426025390625,0.556,11256.0
132,1228.0082702636719,1228.0197143554688,0.856,11268.0
133,1227.996826171875,1228.0082702636719,0.57,11274.0
134,1227.7336120605469,1227.7450561523438,0.521,11412.0
135,1227.72216796875,1227.7336120605469,0.604,11418.0
136,1227.6992797851562,1227.7107238769531,0.532,11430.0
137,1227.6420593261719,1227.6535034179688,0.657,11460.0
138,1227.5505065917969,1227.5619506835938,0.782,11508.0
139,1227.4932861328125,1227.5047302246094,0.629,11538.0
140,1227.4589538574219,1227.4703979492188,0.82,11556.0
141,1227.3902893066406,1227.4017333984375,0.565,11592.0
142,1227.35595703125,1227.3674011230469,0.564,11610.0
143,1227.2529602050781,1227.264404296875,0.539,11664.0
144,1227.2415161132812,1227.2529602050781,0.67,11670.0
145,1227.2071838378906,1227.2186279296875,0.645,11688.0
146,1227.1614074707031,1227.1728515625,0.659,11712.0
147,1227.1385192871094,1227.1499633789062,0.633,11724.0
148,1222.9385375976562,1222.9499816894531,0.675,13926.0
149,1216.1407470703125,1216.1521911621094,0.619,17490.0
150,1214.4355773925781,1214.447021484375,0.53,18384.0
151,1214.2410278320312,1214.2524719238281,0.567,18486.0
152,1213.9091491699219,1213.9205932617188,0.525,18660.0
153,1212.3069763183594,1212.3184204101562,0.509,19500.0
154,1210.1783752441406,1210.1898193359375,0.587,20616.0
155,1209.7206115722656,1209.7320556640625,0.683,20856.0
156,1209.5146179199219,1209.5260620117188,0.598,20964.0
157,1207.3287963867188,1207.3402404785156,0.549,22110.0
158,1206.7794799804688,1206.7909240722656,0.583,22398.0
159,1206.48193359375,1206.4933776855469,0.543,22554.0
160,1205.4176330566406,1205.4290771484375,0.623,23112.0
161,1205.2688598632812,1205.2803039550781,0.73,23190.0
162,1205.2001953125,1205.2116394042969,0.611,23226.0
163,1203.55224609375,1203.5636901855469,0.505,24090.0
164,1202.45361328125,1202.4650573730469,0.581,24666.0
165,1202.2361755371094,1202.2476196289062,0.501,24780.0
166,1305.3245544433594,1305.3359985351562,0.549,300.0
167,1305.3016662597656,1305.3131103515625,0.552,312.0
168,1305.2330017089844,1305.2444458007812,0.585,348.0
169,1303.0929565429688,1303.1044006347656,0.528,1470.0
170,1303.0586242675781,1303.070068359375,0.586,1488.0
171,1302.3719787597656,1302.3834228515625,0.556,1848.0
172,1302.2918701171875,1302.3033142089844,0.609,1890.0
173,1302.24609375,1302.2575378417969,0.643,1914.0
174,1302.1087646484375,1302.1202087402344,0.51,1986.0
175,1301.788330078125,1301.7997741699219,0.657,2154.0
176,1301.7539978027344,1301.7654418945312,0.543,2172.0
177,1286.1099243164062,1286.1213684082031,0.57,10374.0
178,1279.6440124511719,1279.6554565429688,0.694,13764.0
179,1278.3164978027344,1278.3279418945312,0.538,14460.0
180,1278.2363891601562,1278.2478332519531,0.644,14502.0
181,1277.069091796875,1277.0805358886719,0.647,15114.0
182,1271.7933654785156,1271.8048095703125,0.581,17880.0
183,1268.5890197753906,1268.6004638671875,0.698,19560.0
184,1267.7421569824219,1267.7536010742188,0.759,20004.0
185,1260.1318359375,1260.1432800292969,0.508,23994.0
186,1259.033203125,1259.0446472167969,0.694,24570.0
187,1258.1863403320312,1258.1977844238281,0.509,25014.0
188,1254.9362182617188,1254.9476623535156,0.557,26718.0
189,1250.0381469726562,1250.0495910644531,0.629,29286.0
190,1250.0152587890625,1250.0267028808594,0.501,29298.0
191,1249.9237060546875,1249.9351501464844,0.503,29346.0
192,1249.7291564941406,1249.7406005859375,0.652,29448.0
193,1360.1646423339844,1360.1760864257812,0.732,1116.0
194,1358.4709167480469,1358.4823608398438,0.53,2004.0
195,1357.4981689453125,1357.5096130371094,0.507,2514.0
196,1356.8801879882812,1356.8916320800781,0.531,2838.0
197,1352.5428771972656,1352.5543212890625,0.515,5112.0
198,1350.860595703125,1350.8720397949219,0.547,5994.0
199,1346.2371826171875,1346.2486267089844,0.709,8418.0
200,1330.1124572753906,1330.1239013671875,0.663,16872.0
201,1328.155517578125,1328.1669616699219,0.515,17898.0
202,1324.40185546875,1324.4132995605469,0.512,19866.0
203,1323.7838745117188,1323.7953186035156,0.725,20190.0
204,1321.6209411621094,1321.6323852539062,0.512,21324.0
205,1309.3528747558594,1309.3643188476562,0.609,27756.0
206,1308.746337890625,1308.7577819824219,0.78,28074.0
207,1308.7005615234375,1308.7120056152344,0.671,28098.0
208,1308.6433410644531,1308.65478515625,0.91,28128.0
209,1308.6204528808594,1308.6318969726562,0.739,28140.0
210,1308.6090087890625,1308.6204528808594,0.763,28146.0
211,1308.5746765136719,1308.5861206054688,0.52,28164.0
212,1308.5517883300781,1308.563232421875,0.669,28176.0
213,1308.5403442382812,1308.5517883300781,0.519,28182.0
214,1308.5289001464844,1308.5403442382812,0.762,28188.0
215,1308.4945678710938,1308.5060119628906,0.631,28206.0
216,1308.4373474121094,1308.4487915039062,0.58,28236.0
217,1308.4259033203125,1308.4373474121094,0.714,28242.0
218,1308.4030151367188,1308.4144592285156,0.684,28254.0
219,1308.3915710449219,1308.4030151367188,0.615,28260.0
220,1308.2656860351562,1308.2771301269531,0.818,28326.0
221,1308.197021484375,1308.2084655761719,0.684,28362.0
222,1308.1512451171875,1308.1626892089844,0.511,28386.0
223,1308.1398010253906,1308.1512451171875,0.51,28392.0
224,1308.0482482910156,1308.0596923828125,0.53,28440.0
225,1308.0024719238281,1308.013916015625,0.588,28464.0
226,1307.9795837402344,1307.9910278320312,0.653,28476.0
227,1307.9338073730469,1307.9452514648438,0.551,28500.0
228,1307.8651428222656,1307.8765869140625,0.517,28536.0
229,1307.7621459960938,1307.7735900878906,0.577,28590.0
230,1307.7392578125,1307.7507019042969,0.832,28602.0
231,1307.7278137207031,1307.7392578125,0.595,28608.0
232,1307.7163696289062,1307.7278137207031,0.587,28614.0
233,1307.6591491699219,1307.6705932617188,0.923,28644.0
234,1307.6362609863281,1307.647705078125,0.802,28656.0
235,1307.6133728027344,1307.6248168945312,0.805,28668.0
236,1307.6019287109375,1307.6133728027344,0.73,28674.0
237,1307.5904846191406,1307.6019287109375,0.566,28680.0
238,1307.5790405273438,1307.5904846191406,0.771,28686.0
239,1307.5675964355469,1307.5790405273438,0.778,28692.0
240,1307.55615234375,1307.5675964355469,0.511,28698.0
241,1307.5103759765625,1307.5218200683594,0.698,28722.0
242,1307.4989318847656,1307.5103759765625,0.706,28728.0
243,1307.4874877929688,1307.4989318847656,0.926,28734.0
244,1307.4760437011719,1307.4874877929688,0.794,28740.0
245,1307.464599609375,1307.4760437011719,0.828,28746.0
246,1307.4417114257812,1307.4531555175781,0.645,28758.0
247,1307.4302673339844,1307.4417114257812,0.831,28764.0
248,1307.4188232421875,1307.4302673339844,0.606,28770.0
249,1307.4073791503906,1307.4188232421875,0.704,28776.0
250,1307.3959350585938,1307.4073791503906,0.665,28782.0
251,1307.3844909667969,1307.3959350585938,0.62,28788.0
252,1307.373046875,1307.3844909667969,0.777,28794.0
253,1307.3501586914062,1307.3616027832031,0.517,28806.0
254,1307.3387145996094,1307.3501586914062,0.923,28812.0
255,1307.3158264160156,1307.3272705078125,0.919,28824.0
256,1307.3043823242188,1307.3158264160156,0.762,28830.0
257,1307.2929382324219,1307.3043823242188,0.694,28836.0
258,1307.281494140625,1307.2929382324219,0.63,28842.0
259,1307.2586059570312,1307.2700500488281,0.745,28854.0
260,1307.2357177734375,1307.2471618652344,0.526,28866.0
261,1307.2242736816406,1307.2357177734375,0.858,28872.0
262,1307.2013854980469,1307.2128295898438,0.983,28884.0
263,1307.18994140625,1307.2013854980469,0.648,28890.0
264,1307.1098327636719,1307.1212768554688,0.545,28932.0
265,1307.098388671875,1307.1098327636719,0.564,28938.0
266,1307.0068359375,1307.0182800292969,0.539,28986.0
267,1306.6520690917969,1306.6635131835938,0.619,29172.0
268,1306.5948486328125,1306.6062927246094,0.899,29202.0
269,1306.5834045410156,1306.5948486328125,0.639,29208.0
270,1306.549072265625,1306.5605163574219,0.59,29226.0
271,1306.5032958984375,1306.5147399902344,0.784,29250.0
272,1306.4804077148438,1306.4918518066406,0.772,29262.0
273,1306.4689636230469,1306.4804077148438,0.525,29268.0
274,1306.45751953125,1306.4689636230469,0.744,29274.0
275,1306.4460754394531,1306.45751953125,0.68,29280.0
276,1306.4346313476562,1306.4460754394531,0.686,29286.0
277,1306.4231872558594,1306.4346313476562,0.528,29292.0
278,1306.4117431640625,1306.4231872558594,0.548,29298.0
279,1306.3774108886719,1306.3888549804688,0.685,29316.0
280,1306.365966796875,1306.3774108886719,0.543,29322.0
281,1306.3430786132812,1306.3545227050781,0.737,29334.0
282,1306.3201904296875,1306.3316345214844,0.688,29346.0
283,1306.2858581542969,1306.2973022460938,0.799,29364.0
284,1306.2744140625,1306.2858581542969,0.704,29370.0
285,1306.2515258789062,1306.2629699707031,0.55,29382.0
286,1306.2286376953125,1306.2400817871094,0.834,29394.0
287,1306.2057495117188,1306.2171936035156,0.522,29406.0
288,1306.1943054199219,1306.2057495117188,0.802,29412.0
289,1306.182861328125,1306.1943054199219,0.774,29418.0
290,1306.0455322265625,1306.0569763183594,0.522,29490.0
291,1306.0340881347656,1306.0455322265625,0.589,29496.0
292,1417.9573059082031,1417.96875,0.52,384.0
293,1413.4140014648438,1413.4254455566406,0.596,2766.0
294,1405.1513671875,1405.1628112792969,0.668,7098.0
295,1402.3933410644531,1402.40478515625,0.62,8544.0
296,1395.7328796386719,1395.7443237304688,0.662,12036.0
297,1388.0882263183594,1388.0996704101562,0.52,16044.0
298,1380.4779052734375,1380.4893493652344,0.542,20034.0
299,1379.8942565917969,1379.9057006835938,0.684,20340.0
300,1376.9187927246094,1376.9302368164062,0.674,21900.0
301,1376.1634826660156,1376.1749267578125,0.747,22296.0
302,1366.9052124023438,1366.9166564941406,0.669,27150.0
303,1471.8246459960938,1471.8360900878906,0.532,1710.0
304,1467.132568359375,1467.1440124511719,0.694,4170.0
305,1467.0066833496094,1467.0181274414062,0.501,4236.0
306,1462.0513916015625,1462.0628356933594,0.554,6834.0
307,1456.1691284179688,1456.1805725097656,0.572,9918.0
308,1456.0089111328125,1456.0203552246094,0.65,10002.0
309,1435.9474182128906,1435.9588623046875,0.589,20520.0
310,1530.853271484375,1530.8647155761719,0.55,330.0
311,1530.7273864746094,1530.7388305664062,0.535,396.0
312,1530.6816101074219,1530.6930541992188,0.659,420.0
313,1530.57861328125,1530.5900573730469,0.709,474.0
314,1529.7431945800781,1529.754638671875,0.752,912.0
315,1529.6974182128906,1529.7088623046875,0.602,936.0
316,1529.6745300292969,1529.6859741210938,0.518,948.0
317,1529.6630859375,1529.6745300292969,0.829,954.0
318,1529.6401977539062,1529.6516418457031,0.812,966.0
319,1529.5257568359375,1529.5372009277344,0.606,1026.0
320,1529.4914245605469,1529.5028686523438,0.702,1044.0
321,1529.4570922851562,1529.4685363769531,0.511,1062.0
322,1527.9693603515625,1527.9808044433594,0.547,1842.0
323,1527.9464721679688,1527.9579162597656,0.788,1854.0
324,1527.9350280761719,1527.9464721679688,0.85,1860.0
325,1527.9006958007812,1527.9121398925781,0.831,1878.0
326,1527.8663635253906,1527.8778076171875,0.655,1896.0
327,1527.7976989746094,1527.8091430664062,0.842,1932.0
328,1527.7862548828125,1527.7976989746094,0.862,1938.0
329,1527.4658203125,1527.4772644042969,0.539,2106.0
330,1526.6189575195312,1526.6304016113281,0.823,2550.0
331,1526.5846252441406,1526.5960693359375,0.708,2568.0
332,1526.55029296875,1526.5617370605469,0.507,2586.0
333,1526.275634765625,1526.2870788574219,0.586,2730.0
334,1518.9743041992188,1518.9857482910156,0.675,6558.0
335,1505.3215026855469,1505.3329467773438,0.678,13716.0
336,1496.4637756347656,1496.4752197265625,0.523,18360.0
337,1493.8774108886719,1493.8888549804688,0.53,19716.0
338,1488.7847900390625,1488.7962341308594,0.521,22386.0
339,1488.1782531738281,1488.189697265625,0.64,22704.0
340,1485.443115234375,1485.4545593261719,0.516,24138.0
341,1482.1701049804688,1482.1815490722656,0.672,25854.0
342,1475.9559631347656,1475.9674072265625,0.777,29112.0
343,1586.4372253417969,1586.4486694335938,0.54,756.0
344,1584.4459533691406,1584.4573974609375,0.506,1800.0
345,1584.136962890625,1584.1484069824219,0.553,1962.0
346,1582.0999145507812,1582.1113586425781,0.528,3030.0
347,1581.8367004394531,1581.84814453125,0.544,3168.0
348,1581.8252563476562,1581.8367004394531,0.591,3174.0
349,1581.7680358886719,1581.7794799804688,0.516,3204.0
350,1580.3604125976562,1580.3718566894531,0.511,3942.0
351,1580.1658630371094,1580.1773071289062,0.551,4044.0
352,1579.833984375,1579.8454284667969,0.575,4218.0
353,1579.0328979492188,1579.0443420410156,0.566,4638.0
354,1579.010009765625,1579.0214538574219,0.584,4650.0
355,1578.9642333984375,1578.9756774902344,0.518,4674.0
356,1578.826904296875,1578.8383483886719,0.508,4746.0
357,1578.6094665527344,1578.6209106445312,0.523,4860.0
358,1578.5293579101562,1578.5408020019531,0.572,4902.0
359,1578.4378051757812,1578.4492492675781,0.537,4950.0
360,1578.2089233398438,1578.2203674316406,0.575,5070.0
361,1578.0143737792969,1578.0258178710938,0.666,5172.0
362,1577.8770446777344,1577.8884887695312,0.542,5244.0
363,1577.81982421875,1577.8312683105469,0.503,5274.0
364,1577.3506164550781,1577.362060546875,0.624,5520.0
365,1577.3048400878906,1577.3162841796875,0.718,5544.0
366,1577.2590637207031,1577.2705078125,0.83,5568.0
367,1577.2132873535156,1577.2247314453125,0.57,5592.0
368,1577.0530700683594,1577.0645141601562,0.537,5676.0
369,1577.0187377929688,1577.0301818847656,0.564,5694.0
370,1576.5266418457031,1576.5380859375,0.565,5952.0
371,1576.4923095703125,1576.5037536621094,0.504,5970.0
372,1576.4808654785156,1576.4923095703125,0.581,5976.0
373,1576.4694213867188,1576.4808654785156,0.582,5982.0
374,1576.4007568359375,1576.4122009277344,0.617,6018.0
375,1576.3778686523438,1576.3893127441406,0.53,6030.0
376,1576.2519836425781,1576.263427734375,0.519,6096.0
377,1576.171875,1576.1833190917969,0.51,6138.0
378,1576.080322265625,1576.0917663574219,0.749,6186.0
379,1576.0459899902344,1576.0574340820312,0.502,6204.0
380,1576.0002136230469,1576.0116577148438,0.581,6228.0
381,1575.9544372558594,1575.9658813476562,0.566,6252.0
382,1575.8628845214844,1575.8743286132812,0.622,6300.0
383,1575.8056640625,1575.8171081542969,0.522,6330.0
384,1575.6797790527344,1575.6912231445312,0.533,6396.0
385,1575.6340026855469,1575.6454467773438,0.603,6420.0
386,1575.6111145019531,1575.62255859375,0.618,6432.0
387,1575.5882263183594,1575.5996704101562,0.683,6444.0
388,1575.5538940429688,1575.5653381347656,0.591,6462.0
389,1575.531005859375,1575.5424499511719,0.504,6474.0
390,1575.4623413085938,1575.4737854003906,0.526,6510.0
391,1575.4051208496094,1575.4165649414062,0.562,6540.0
392,1575.25634765625,1575.2677917480469,0.634,6618.0
393,1575.164794921875,1575.1762390136719,0.546,6666.0
394,1574.89013671875,1574.9015808105469,0.649,6810.0
395,1574.8329162597656,1574.8443603515625,0.648,6840.0
396,1574.7299194335938,1574.7413635253906,0.507,6894.0
397,1574.6383666992188,1574.6498107910156,0.601,6942.0
398,1574.5925903320312,1574.6040344238281,0.87,6966.0
399,1574.5468139648438,1574.5582580566406,0.537,6990.0
400,1574.5353698730469,1574.5468139648438,0.549,6996.0
401,1574.4552612304688,1574.4667053222656,0.551,7038.0
402,1574.4438171386719,1574.4552612304688,0.571,7044.0
403,1574.432373046875,1574.4438171386719,0.531,7050.0
404,1574.3980407714844,1574.4094848632812,0.517,7068.0
405,1574.2721557617188,1574.2835998535156,0.528,7134.0
406,1574.1806030273438,1574.1920471191406,0.577,7182.0
407,1574.1348266601562,1574.1462707519531,0.51,7206.0
408,1573.8372802734375,1573.8487243652344,0.645,7362.0
409,1573.8258361816406,1573.8372802734375,0.715,7368.0
410,1573.7800598144531,1573.79150390625,0.512,7392.0
411,1573.5969543457031,1573.6083984375,0.562,7488.0
412,1573.5397338867188,1573.5511779785156,0.6,7518.0
413,1573.5054016113281,1573.516845703125,0.515,7536.0
414,1573.4596252441406,1573.4710693359375,0.506,7560.0
415,1573.2307434082031,1573.2421875,0.501,7680.0
416,1573.1964111328125,1573.2078552246094,0.739,7698.0
417,1572.9217529296875,1572.9331970214844,0.501,7842.0
418,1572.8073120117188,1572.8187561035156,0.628,7902.0
419,1572.6127624511719,1572.6242065429688,0.516,8004.0
420,1572.5669860839844,1572.5784301757812,0.608,8028.0
421,1571.7201232910156,1571.7315673828125,0.569,8472.0
422,1571.6972351074219,1571.7086791992188,0.576,8484.0
423,1571.59423828125,1571.6056823730469,0.659,8538.0
424,1571.5484619140625,1571.5599060058594,0.6,8562.0
425,1571.1708068847656,1571.1822509765625,0.56,8760.0
426,1570.9648132324219,1570.9762573242188,0.522,8868.0
427,1570.8274841308594,1570.8389282226562,0.531,8940.0
428,1570.8045959472656,1570.8160400390625,0.501,8952.0
429,1570.7130432128906,1570.7244873046875,0.537,9000.0
430,1569.6372985839844,1569.6487426757812,0.516,9564.0
431,1569.4084167480469,1569.4198608398438,0.598,9684.0
432,1569.3740844726562,1569.3855285644531,0.55,9702.0
433,1569.305419921875,1569.3168640136719,0.503,9738.0
434,1569.2710876464844,1569.2825317382812,0.542,9756.0
435,1569.2481994628906,1569.2596435546875,0.614,9768.0
436,1569.1680908203125,1569.1795349121094,0.532,9810.0
437,1569.1452026367188,1569.1566467285156,0.504,9822.0
438,1569.1108703613281,1569.122314453125,0.527,9840.0
439,1569.0994262695312,1569.1108703613281,0.632,9846.0
440,1569.0422058105469,1569.0536499023438,0.602,9876.0
441,1568.9735412597656,1568.9849853515625,0.536,9912.0
442,1567.2225952148438,1567.2340393066406,0.536,10830.0
443,1564.4760131835938,1564.4874572753906,0.596,12270.0
444,1564.2127990722656,1564.2242431640625,0.584,12408.0
445,1564.0525817871094,1564.0640258789062,0.505,12492.0
446,1564.0296936035156,1564.0411376953125,0.6,12504.0
447,1563.7550354003906,1563.7664794921875,0.515,12648.0
448,1563.6177062988281,1563.629150390625,0.812,12720.0
449,1562.9310607910156,1562.9425048828125,0.583,13080.0
450,1562.0613098144531,1562.07275390625,0.593,13536.0
451,1561.9468688964844,1561.9583129882812,0.571,13596.0
452,1561.4891052246094,1561.5005493164062,0.56,13836.0
453,1561.3632202148438,1561.3746643066406,0.559,13902.0
454,1561.3059997558594,1561.3174438476562,0.511,13932.0
455,1561.2602233886719,1561.2716674804688,0.538,13956.0
456,1561.2030029296875,1561.2144470214844,0.546,13986.0
457,1561.1801147460938,1561.1915588378906,0.621,13998.0
458,1560.5506896972656,1560.5621337890625,0.541,14328.0
459,1560.5278015136719,1560.5392456054688,0.557,14340.0
460,1560.4019165039062,1560.4133605957031,0.527,14406.0
461,1560.3103637695312,1560.3218078613281,0.516,14454.0
462,1560.2531433105469,1560.2645874023438,0.557,14484.0
463,1560.0128173828125,1560.0242614746094,0.546,14610.0
464,1559.9441528320312,1559.9555969238281,0.553,14646.0
465,1559.5779418945312,1559.5893859863281,0.511,14838.0
466,1559.326171875,1559.3376159667969,0.509,14970.0
467,1558.8798522949219,1558.8912963867188,0.578,15204.0
468,1558.8340759277344,1558.8455200195312,0.515,15228.0
469,1558.7539672851562,1558.7654113769531,0.645,15270.0
470,1558.7196350097656,1558.7310791015625,0.665,15288.0
471,1558.2160949707031,1558.2275390625,0.623,15552.0
472,1557.8956604003906,1557.9071044921875,0.578,15720.0
473,1557.220458984375,1557.2319030761719,0.518,16074.0
474,1557.1517944335938,1557.1632385253906,0.733,16110.0
475,1557.1403503417969,1557.1517944335938,0.54,16116.0
476,1556.6940307617188,1556.7054748535156,0.554,16350.0
477,1556.1904907226562,1556.2019348144531,0.622,16614.0
478,1555.755615234375,1555.7670593261719,0.55,16842.0
479,1554.3708801269531,1554.38232421875,0.552,17568.0
480,1554.290771484375,1554.3022155761719,0.626,17610.0
481,1554.2221069335938,1554.2335510253906,0.735,17646.0
482,1554.2106628417969,1554.2221069335938,0.612,17652.0
483,1552.2308349609375,1552.2422790527344,0.648,18690.0
484,1552.2079467773438,1552.2193908691406,0.602,18702.0
485,1552.1049499511719,1552.1163940429688,0.661,18756.0
486,1552.093505859375,1552.1049499511719,0.672,18762.0
487,1548.6831665039062,1548.6946105957031,0.652,20550.0
488,1548.6373901367188,1548.6488342285156,0.738,20574.0
489,1548.3169555664062,1548.3283996582031,0.595,20742.0
490,1548.3055114746094,1548.3169555664062,0.522,20748.0
491,1547.9393005371094,1547.9507446289062,0.578,20940.0
492,1547.5730895996094,1547.5845336914062,0.658,21132.0
493,1547.5502014160156,1547.5616455078125,0.565,21144.0
494,1547.4815368652344,1547.4929809570312,0.573,21180.0
495,1547.4472045898438,1547.4586486816406,0.699,21198.0
496,1547.3670959472656,1547.3785400390625,0.637,21240.0
497,1547.1725463867188,1547.1839904785156,0.726,21342.0
498,1547.149658203125,1547.1611022949219,0.613,21354.0
499,1547.1382141113281,1547.149658203125,0.648,21360.0
500,1547.0695495605469,1547.0809936523438,0.601,21396.0
501,1546.7605590820312,1546.7720031738281,0.641,21558.0
502,1546.7491149902344,1546.7605590820312,0.627,21564.0
503,1545.6275939941406,1545.6390380859375,0.732,22152.0
504,1545.6047058105469,1545.6161499023438,0.839,22164.0
505,1544.5289611816406,1544.5404052734375,0.637,22728.0
506,1544.4602966308594,1544.4717407226562,0.615,22764.0
507,1544.1513061523438,1544.1627502441406,0.596,22926.0
508,1544.1169738769531,1544.12841796875,0.534,22944.0
509,1544.0940856933594,1544.1055297851562,0.521,22956.0
510,1542.8352355957031,1542.8466796875,0.606,23616.0
511,1542.7436828613281,1542.755126953125,0.504,23664.0
512,1542.1829223632812,1542.1943664550781,0.792,23958.0
513,1540.7752990722656,1540.7867431640625,0.595,24696.0
514,1540.7180786132812,1540.7295227050781,0.585,24726.0
515,1540.6608581542969,1540.6723022460938,0.503,24756.0
516,1540.5921936035156,1540.6036376953125,0.701,24792.0
517,1539.9513244628906,1539.9627685546875,0.517,25128.0
518,1539.5851135253906,1539.5965576171875,0.581,25320.0
519,1537.994384765625,1538.0058288574219,0.846,26154.0
520,1537.8913879394531,1537.90283203125,0.694,26208.0
521,1537.5709533691406,1537.5823974609375,0.701,26376.0
522,1535.5339050292969,1535.5453491210938,0.576,27444.0
523,1535.5224609375,1535.5339050292969,0.506,27450.0
524,1535.33935546875,1535.3507995605469,0.506,27546.0
525,1535.1104736328125,1535.1219177246094,0.622,27666.0
526,1533.2908630371094,1533.3023071289062,0.617,28620.0
527,1533.2794189453125,1533.2908630371094,0.844,28626.0
528,1533.2679748535156,1533.2794189453125,0.778,28632.0
529,1533.2565307617188,1533.2679748535156,0.656,28638.0
530,1532.5698852539062,1532.5813293457031,0.672,28998.0
531,1532.5584411621094,1532.5698852539062,0.611,29004.0
532,1532.5469970703125,1532.5584411621094,0.668,29010.0
533,1532.5355529785156,1532.5469970703125,0.688,29016.0
534,1532.5241088867188,1532.5355529785156,0.674,29022.0
535,1532.5126647949219,1532.5241088867188,0.597,29028.0
536,1532.501220703125,1532.5126647949219,0.581,29034.0
537,1532.4897766113281,1532.501220703125,0.661,29040.0
538,1532.4783325195312,1532.4897766113281,0.595,29046.0
539,1532.4668884277344,1532.4783325195312,0.665,29052.0
540,1532.4554443359375,1532.4668884277344,0.729,29058.0
541,1532.4440002441406,1532.4554443359375,0.628,29064.0
542,1532.4325561523438,1532.4440002441406,0.653,29070.0
543,1532.4211120605469,1532.4325561523438,0.634,29076.0
544,1531.7344665527344,1531.7459106445312,0.524,29436.0
545,1531.7115783691406,1531.7230224609375,0.522,29448.0
546,1640.4190063476562,1640.4304504394531,0.676,2022.0
547,1635.9214782714844,1635.9329223632812,0.539,4380.0
548,1627.8877258300781,1627.899169921875,0.625,8592.0
549,1627.4299621582031,1627.44140625,0.543,8832.0
550,1627.3155212402344,1627.3269653320312,0.884,8892.0
551,1626.5144348144531,1626.52587890625,0.602,9312.0
552,1626.4572143554688,1626.4686584472656,0.635,9342.0
553,1626.2741088867188,1626.2855529785156,0.609,9438.0
554,1626.251220703125,1626.2626647949219,0.562,9450.0
555,1626.1024475097656,1626.1138916015625,0.937,9528.0
556,1625.9536743164062,1625.9651184082031,0.716,9606.0
557,1625.9078979492188,1625.9193420410156,0.512,9630.0
558,1625.8277893066406,1625.8392333984375,0.753,9672.0
559,1625.5874633789062,1625.5989074707031,0.619,9798.0
560,1625.5760192871094,1625.5874633789062,0.758,9804.0
561,1625.5645751953125,1625.5760192871094,0.574,9810.0
562,1625.5531311035156,1625.5645751953125,0.703,9816.0
563,1625.5073547363281,1625.518798828125,0.522,9840.0
564,1625.4959106445312,1625.5073547363281,0.552,9846.0
565,1625.4844665527344,1625.4959106445312,0.517,9852.0
566,1625.3700256347656,1625.3814697265625,0.826,9912.0
567,1625.2784729003906,1625.2899169921875,0.787,9960.0
568,1625.2670288085938,1625.2784729003906,0.51,9966.0
569,1625.244140625,1625.2555847167969,0.668,9978.0
570,1625.2326965332031,1625.244140625,0.617,9984.0
571,1625.2212524414062,1625.2326965332031,0.568,9990.0
572,1625.1068115234375,1625.1182556152344,0.672,10050.0
573,1625.0953674316406,1625.1068115234375,0.544,10056.0
574,1624.7634887695312,1624.7749328613281,0.603,10230.0
575,1624.69482421875,1624.7062683105469,0.563,10266.0
576,1624.5918273925781,1624.603271484375,0.673,10320.0
577,1624.5803833007812,1624.5918273925781,0.587,10326.0
578,1624.5460510253906,1624.5574951171875,0.52,10344.0
579,1624.5346069335938,1624.5460510253906,0.552,10350.0
580,1624.51171875,1624.5231628417969,0.863,10362.0
581,1624.4087219238281,1624.420166015625,0.552,10416.0
582,1624.3858337402344,1624.3972778320312,0.999,10428.0
583,1624.3400573730469,1624.3515014648438,0.54,10452.0
584,1624.3171691894531,1624.32861328125,0.972,10464.0
585,1624.3057250976562,1624.3171691894531,0.824,10470.0
586,1624.2713928222656,1624.2828369140625,0.606,10488.0
587,1624.2599487304688,1624.2713928222656,0.658,10494.0
588,1624.2485046386719,1624.2599487304688,0.623,10500.0
589,1624.2141723632812,1624.2256164550781,0.64,10518.0
590,1624.2027282714844,1624.2141723632812,0.801,10524.0
591,1624.1798400878906,1624.1912841796875,0.603,10536.0
592,1624.1340637207031,1624.1455078125,0.611,10560.0
593,1624.1226196289062,1624.1340637207031,0.736,10566.0
594,1624.0882873535156,1624.0997314453125,0.626,10584.0
595,1624.053955078125,1624.0653991699219,0.687,10602.0
596,1624.0081787109375,1624.0196228027344,0.506,10626.0
597,1623.9967346191406,1624.0081787109375,0.634,10632.0
598,1623.9280700683594,1623.9395141601562,0.581,10668.0
599,1623.8822937011719,1623.8937377929688,0.744,10692.0
600,1623.8479614257812,1623.8594055175781,0.567,10710.0
601,1623.8021850585938,1623.8136291503906,0.64,10734.0
602,1623.7220764160156,1623.7335205078125,0.642,10776.0
603,1623.6419677734375,1623.6534118652344,0.613,10818.0
604,1623.6076354980469,1623.6190795898438,0.638,10836.0
605,1623.59619140625,1623.6076354980469,0.683,10842.0
606,1623.5618591308594,1623.5733032226562,0.88,10860.0
607,1623.4817504882812,1623.4931945800781,0.619,10902.0
608,1623.4016418457031,1623.4130859375,0.916,10944.0
609,1623.3901977539062,1623.4016418457031,0.613,10950.0
610,1623.1956481933594,1623.2070922851562,0.503,11052.0
611,1623.1842041015625,1623.1956481933594,0.557,11058.0
612,1623.1498718261719,1623.1613159179688,0.579,11076.0
613,1623.1155395507812,1623.1269836425781,0.596,11094.0
614,1623.1040954589844,1623.1155395507812,0.637,11100.0
615,1622.8179931640625,1622.8294372558594,0.586,11250.0
616,1622.7836608886719,1622.7951049804688,0.505,11268.0
617,1622.772216796875,1622.7836608886719,0.68,11274.0
618,1622.7493286132812,1622.7607727050781,0.53,11286.0
619,1622.6921081542969,1622.7035522460938,0.544,11316.0
620,1622.6692199707031,1622.6806640625,0.55,11328.0
621,1622.3487854003906,1622.3602294921875,0.59,11496.0
622,1622.13134765625,1622.1427917480469,0.562,11610.0
623,1622.0626831054688,1622.0741271972656,0.658,11646.0
624,1621.9825744628906,1621.9940185546875,0.565,11688.0
625,1621.9482421875,1621.9596862792969,0.597,11706.0
626,1621.8223571777344,1621.8338012695312,0.503,11772.0
627,1621.6964721679688,1621.7079162597656,0.601,11838.0
628,1621.6850280761719,1621.6964721679688,0.885,11844.0
629,1621.6392517089844,1621.6506958007812,0.786,11868.0
630,1621.58203125,1621.5934753417969,0.915,11898.0
631,1621.5591430664062,1621.5705871582031,0.711,11910.0
632,1621.5476989746094,1621.5591430664062,0.567,11916.0
633,1621.5248107910156,1621.5362548828125,0.575,11928.0
634,1621.4675903320312,1621.4790344238281,0.748,11958.0
635,1621.4561462402344,1621.4675903320312,0.685,11964.0
636,1621.4218139648438,1621.4332580566406,0.625,11982.0
637,1621.2959289550781,1621.307373046875,0.63,12048.0
638,1621.2844848632812,1621.2959289550781,0.708,12054.0
639,1621.2615966796875,1621.2730407714844,0.667,12066.0
640,1621.2043762207031,1621.2158203125,0.657,12096.0
641,1621.1700439453125,1621.1814880371094,0.656,12114.0
642,1621.0899353027344,1621.1013793945312,0.621,12156.0
643,1621.03271484375,1621.0441589355469,0.569,12186.0
644,1620.9068298339844,1620.9182739257812,0.607,12252.0
645,1620.7351684570312,1620.7466125488281,0.56,12342.0
646,1620.5978393554688,1620.6092834472656,0.615,12414.0
647,1620.5177307128906,1620.5291748046875,0.582,12456.0
648,1620.4376220703125,1620.4490661621094,0.605,12498.0
649,1620.4032897949219,1620.4147338867188,0.587,12516.0
650,1620.3575134277344,1620.3689575195312,0.616,12540.0
651,1620.3231811523438,1620.3346252441406,0.595,12558.0
652,1620.1171875,1620.1286315917969,0.774,12666.0
653,1620.0828552246094,1620.0942993164062,0.526,12684.0
654,1620.0714111328125,1620.0828552246094,0.795,12690.0
655,1620.0027465820312,1620.0141906738281,0.63,12726.0
656,1619.9684143066406,1619.9798583984375,0.527,12744.0
657,1619.9226379394531,1619.93408203125,0.677,12768.0
658,1619.9111938476562,1619.9226379394531,0.584,12774.0
659,1619.8768615722656,1619.8883056640625,0.638,12792.0
660,1619.842529296875,1619.8539733886719,0.659,12810.0
661,1619.7967529296875,1619.8081970214844,0.66,12834.0
662,1619.7509765625,1619.7624206542969,0.668,12858.0
663,1619.5907592773438,1619.6022033691406,0.501,12942.0
664,1619.5793151855469,1619.5907592773438,0.516,12948.0
665,1619.56787109375,1619.5793151855469,0.843,12954.0
666,1619.4305419921875,1619.4419860839844,0.745,13026.0
667,1619.3504333496094,1619.3618774414062,0.522,13068.0
668,1619.3275451660156,1619.3389892578125,0.519,13080.0
669,1619.3161010742188,1619.3275451660156,0.595,13086.0
670,1619.2703247070312,1619.2817687988281,0.706,13110.0
671,1619.2245483398438,1619.2359924316406,0.513,13134.0
672,1619.2131042480469,1619.2245483398438,0.717,13140.0
673,1619.20166015625,1619.2131042480469,0.678,13146.0
674,1619.0872192382812,1619.0986633300781,0.693,13206.0
675,1619.0071105957031,1619.0185546875,0.531,13248.0
676,1618.83544921875,1618.8468933105469,0.567,13338.0
677,1618.8011169433594,1618.8125610351562,0.628,13356.0
678,1618.7667846679688,1618.7782287597656,0.796,13374.0
679,1618.7553405761719,1618.7667846679688,0.568,13380.0
680,1618.65234375,1618.6637878417969,0.598,13434.0
681,1618.5493469238281,1618.560791015625,0.624,13488.0
682,1618.5035705566406,1618.5150146484375,0.506,13512.0
683,1618.46923828125,1618.4806823730469,0.521,13530.0
684,1618.377685546875,1618.3891296386719,0.621,13578.0
685,1618.2975769042969,1618.3090209960938,0.724,13620.0
686,1618.2861328125,1618.2975769042969,0.544,13626.0
687,1618.1144714355469,1618.1259155273438,0.651,13716.0
688,1618.011474609375,1618.0229187011719,0.561,13770.0
689,1617.9771423339844,1617.9885864257812,0.593,13788.0
690,1617.5880432128906,1617.5994873046875,0.522,13992.0
691,1615.8370971679688,1615.8485412597656,0.66,14910.0
692,1613.5940551757812,1613.6054992675781,0.508,16086.0
693,1613.0447387695312,1613.0561828613281,0.524,16374.0
694,1609.3597412109375,1609.3711853027344,0.634,18306.0
695,1606.0523986816406,1606.0638427734375,0.535,20040.0
696,1605.743408203125,1605.7548522949219,0.686,20202.0
697,1605.6175231933594,1605.6289672851562,0.559,20268.0
698,1605.5946350097656,1605.6060791015625,0.516,20280.0
699,1605.5259704589844,1605.5374145507812,0.508,20316.0
700,1605.4801940917969,1605.4916381835938,0.542,20340.0
701,1605.3428649902344,1605.3543090820312,0.522,20412.0
702,1605.3085327148438,1605.3199768066406,0.578,20430.0
703,1605.2284240722656,1605.2398681640625,0.515,20472.0
704,1605.2169799804688,1605.2284240722656,0.521,20478.0
705,1605.2055358886719,1605.2169799804688,0.729,20484.0
706,1605.1712036132812,1605.1826477050781,0.656,20502.0
707,1605.1597595214844,1605.1712036132812,0.863,20508.0
708,1605.1483154296875,1605.1597595214844,0.789,20514.0
709,1605.1368713378906,1605.1483154296875,0.547,20520.0
710,1605.1254272460938,1605.1368713378906,0.718,20526.0
711,1605.1139831542969,1605.1254272460938,0.652,20532.0
712,1605.1025390625,1605.1139831542969,0.854,20538.0
713,1605.0910949707031,1605.1025390625,0.908,20544.0
714,1605.0796508789062,1605.0910949707031,0.882,20550.0
715,1605.0682067871094,1605.0796508789062,0.809,20556.0
716,1605.0567626953125,1605.0682067871094,0.726,20562.0
717,1605.0453186035156,1605.0567626953125,0.795,20568.0
718,1605.0338745117188,1605.0453186035156,0.521,20574.0
719,1605.0224304199219,1605.0338745117188,0.778,20580.0
720,1605.010986328125,1605.0224304199219,0.858,20586.0
721,1604.9995422363281,1605.010986328125,0.59,20592.0
722,1604.9880981445312,1604.9995422363281,0.621,20598.0
723,1604.9766540527344,1604.9880981445312,0.613,20604.0
724,1604.9652099609375,1604.9766540527344,0.816,20610.0
725,1604.9537658691406,1604.9652099609375,0.75,20616.0
726,1604.9423217773438,1604.9537658691406,0.721,20622.0
727,1604.9308776855469,1604.9423217773438,0.633,20628.0
728,1604.91943359375,1604.9308776855469,0.8,20634.0
729,1604.9079895019531,1604.91943359375,0.693,20640.0
730,1604.8965454101562,1604.9079895019531,0.62,20646.0
731,1604.8736572265625,1604.8851013183594,0.563,20658.0
732,1604.8622131347656,1604.8736572265625,0.847,20664.0
733,1604.8507690429688,1604.8622131347656,0.674,20670.0
734,1604.8393249511719,1604.8507690429688,0.884,20676.0
735,1604.8164367675781,1604.827880859375,0.791,20688.0
736,1604.8049926757812,1604.8164367675781,0.556,20694.0
737,1604.7935485839844,1604.8049926757812,0.579,20700.0
738,1604.7821044921875,1604.7935485839844,0.812,20706.0
739,1604.7592163085938,1604.7706604003906,0.584,20718.0
740,1604.7477722167969,1604.7592163085938,0.678,20724.0
741,1604.736328125,1604.7477722167969,0.568,20730.0
742,1604.7248840332031,1604.736328125,0.658,20736.0
743,1604.7134399414062,1604.7248840332031,0.695,20742.0
744,1604.7019958496094,1604.7134399414062,0.835,20748.0
745,1604.6905517578125,1604.7019958496094,0.691,20754.0
746,1604.6791076660156,1604.6905517578125,0.744,20760.0
747,1604.6676635742188,1604.6791076660156,0.645,20766.0
748,1604.6562194824219,1604.6676635742188,0.802,20772.0
749,1604.644775390625,1604.6562194824219,0.573,20778.0
750,1604.6333312988281,1604.644775390625,0.539,20784.0
751,1604.6218872070312,1604.6333312988281,0.671,20790.0
752,1604.6104431152344,1604.6218872070312,0.907,20796.0
753,1604.5989990234375,1604.6104431152344,0.858,20802.0
754,1604.5875549316406,1604.5989990234375,0.627,20808.0
755,1604.5761108398438,1604.5875549316406,0.887,20814.0
756,1604.5646667480469,1604.5761108398438,0.553,20820.0
757,1604.55322265625,1604.5646667480469,0.568,20826.0
758,1604.5417785644531,1604.55322265625,0.888,20832.0
759,1604.5303344726562,1604.5417785644531,0.777,20838.0
760,1604.5188903808594,1604.5303344726562,0.797,20844.0
761,1604.5074462890625,1604.5188903808594,0.839,20850.0
762,1604.4960021972656,1604.5074462890625,0.591,20856.0
763,1604.4845581054688,1604.4960021972656,0.599,20862.0
764,1604.4731140136719,1604.4845581054688,0.879,20868.0
765,1604.461669921875,1604.4731140136719,0.548,20874.0
766,1604.4273376464844,1604.4387817382812,0.558,20892.0
767,1604.3586730957031,1604.3701171875,0.657,20928.0
768,1604.3472290039062,1604.3586730957031,0.575,20934.0
769,1604.3014526367188,1604.3128967285156,0.677,20958.0
770,1604.2900085449219,1604.3014526367188,0.574,20964.0
771,1604.278564453125,1604.2900085449219,0.603,20970.0
772,1604.2671203613281,1604.278564453125,0.576,20976.0
773,1604.2556762695312,1604.2671203613281,0.901,20982.0
774,1604.2327880859375,1604.2442321777344,0.628,20994.0
775,1604.2098999023438,1604.2213439941406,0.757,21006.0
776,1604.1984558105469,1604.2098999023438,0.656,21012.0
777,1604.18701171875,1604.1984558105469,0.826,21018.0
778,1604.1755676269531,1604.18701171875,0.767,21024.0
779,1604.1641235351562,1604.1755676269531,0.93,21030.0
780,1604.1526794433594,1604.1641235351562,0.789,21036.0
781,1604.1412353515625,1604.1526794433594,0.904,21042.0
782,1604.1297912597656,1604.1412353515625,0.574,21048.0
783,1604.1183471679688,1604.1297912597656,0.551,21054.0
784,1603.8093566894531,1603.82080078125,0.67,21216.0
785,1603.2600402832031,1603.271484375,0.608,21504.0
786,1603.2257080078125,1603.2371520996094,0.6,21522.0
787,1602.9624938964844,1602.9739379882812,0.595,21660.0
788,1602.3788452148438,1602.3902893066406,0.798,21966.0
789,1601.1199951171875,1601.1314392089844,0.582,22626.0
790,1601.0169982910156,1601.0284423828125,0.514,22680.0
791,1601.0055541992188,1601.0169982910156,0.677,22686.0
792,1600.982666015625,1600.9941101074219,0.596,22698.0
793,1600.9254455566406,1600.9368896484375,0.708,22728.0
794,1600.7423400878906,1600.7537841796875,0.761,22824.0
795,1600.7308959960938,1600.7423400878906,0.673,22830.0
796,1600.7194519042969,1600.7308959960938,0.718,22836.0
797,1600.6965637207031,1600.7080078125,0.57,22848.0
798,1600.6851196289062,1600.6965637207031,0.594,22854.0
799,1600.6736755371094,1600.6851196289062,0.604,22860.0
800,1600.6622314453125,1600.6736755371094,0.667,22866.0
801,1600.6507873535156,1600.6622314453125,0.859,22872.0
802,1600.6393432617188,1600.6507873535156,0.877,22878.0
803,1600.6278991699219,1600.6393432617188,0.853,22884.0
804,1600.616455078125,1600.6278991699219,0.56,22890.0
805,1600.6050109863281,1600.616455078125,0.899,22896.0
806,1600.5935668945312,1600.6050109863281,0.967,22902.0
807,1600.5821228027344,1600.5935668945312,0.804,22908.0
808,1600.5706787109375,1600.5821228027344,0.706,22914.0
809,1600.5592346191406,1600.5706787109375,0.856,22920.0
810,1600.5477905273438,1600.5592346191406,0.826,22926.0
811,1600.5363464355469,1600.5477905273438,0.837,22932.0
812,1600.52490234375,1600.5363464355469,0.967,22938.0
813,1600.5134582519531,1600.52490234375,0.932,22944.0
814,1600.5020141601562,1600.5134582519531,0.81,22950.0
815,1600.4905700683594,1600.5020141601562,0.969,22956.0
816,1600.4791259765625,1600.4905700683594,0.889,22962.0
817,1600.4676818847656,1600.4791259765625,0.789,22968.0
818,1600.4562377929688,1600.4676818847656,0.866,22974.0
819,1600.4447937011719,1600.4562377929688,0.804,22980.0
820,1600.433349609375,1600.4447937011719,0.876,22986.0
821,1600.4219055175781,1600.433349609375,0.817,22992.0
822,1600.4104614257812,1600.4219055175781,0.874,22998.0
823,1600.3990173339844,1600.4104614257812,0.75,23004.0
824,1600.3875732421875,1600.3990173339844,0.83,23010.0
825,1600.3761291503906,1600.3875732421875,0.916,23016.0
826,1600.3646850585938,1600.3761291503906,0.733,23022.0
827,1600.3532409667969,1600.3646850585938,0.889,23028.0
828,1600.341796875,1600.3532409667969,0.959,23034.0
829,1600.3303527832031,1600.341796875,0.91,23040.0
830,1600.3189086914062,1600.3303527832031,0.872,23046.0
831,1600.3074645996094,1600.3189086914062,0.885,23052.0
832,1600.2960205078125,1600.3074645996094,0.725,23058.0
833,1600.2845764160156,1600.2960205078125,0.822,23064.0
834,1600.2731323242188,1600.2845764160156,0.785,23070.0
835,1600.2616882324219,1600.2731323242188,0.765,23076.0
836,1600.250244140625,1600.2616882324219,0.88,23082.0
837,1600.2388000488281,1600.250244140625,0.732,23088.0
838,1600.2273559570312,1600.2388000488281,0.857,23094.0
839,1600.2159118652344,1600.2273559570312,0.839,23100.0
840,1600.2044677734375,1600.2159118652344,0.785,23106.0
841,1600.1930236816406,1600.2044677734375,0.962,23112.0
842,1600.1815795898438,1600.1930236816406,0.855,23118.0
843,1600.1701354980469,1600.1815795898438,0.794,23124.0
844,1600.15869140625,1600.1701354980469,0.736,23130.0
845,1600.1472473144531,1600.15869140625,0.796,23136.0
846,1600.1358032226562,1600.1472473144531,0.831,23142.0
847,1600.1243591308594,1600.1358032226562,0.854,23148.0
848,1600.1129150390625,1600.1243591308594,0.906,23154.0
849,1600.1014709472656,1600.1129150390625,0.842,23160.0
850,1600.0900268554688,1600.1014709472656,0.879,23166.0
851,1600.0785827636719,1600.0900268554688,0.685,23172.0
852,1600.067138671875,1600.0785827636719,0.855,23178.0
853,1600.0556945800781,1600.067138671875,0.688,23184.0
854,1600.0442504882812,1600.0556945800781,0.819,23190.0
855,1600.0328063964844,1600.0442504882812,0.704,23196.0
856,1600.0213623046875,1600.0328063964844,0.814,23202.0
857,1600.0099182128906,1600.0213623046875,0.797,23208.0
858,1599.9984741210938,1600.0099182128906,0.874,23214.0
859,1599.9870300292969,1599.9984741210938,0.756,23220.0
860,1599.9755859375,1599.9870300292969,0.636,23226.0
861,1599.9641418457031,1599.9755859375,0.771,23232.0
862,1599.9526977539062,1599.9641418457031,0.868,23238.0
863,1599.9412536621094,1599.9526977539062,0.597,23244.0
864,1599.8268127441406,1599.8382568359375,0.645,23304.0
865,1599.5750427246094,1599.5864868164062,0.598,23436.0
866,1594.6311950683594,1594.6426391601562,0.555,26028.0
867,1592.8573608398438,1592.8688049316406,0.544,26958.0
868,1591.1178588867188,1591.1293029785156,0.54,27870.0
869,1591.0606384277344,1591.0720825195312,0.535,27900.0
870,1590.9805297851562,1590.9919738769531,0.7,27942.0
871,1590.7974243164062,1590.8088684082031,0.559,28038.0
872,1590.728759765625,1590.7402038574219,0.521,28074.0
873,1590.6715393066406,1590.6829833984375,0.54,28104.0
874,1590.5113220214844,1590.5227661132812,0.664,28188.0
875,1590.3854370117188,1590.3968811035156,0.576,28254.0
876,1590.362548828125,1590.3739929199219,0.548,28266.0
877,1590.2595520019531,1590.27099609375,0.586,28320.0
878,1590.2481079101562,1590.2595520019531,0.52,28326.0
879,1590.0306701660156,1590.0421142578125,0.503,28440.0
880,1590.0192260742188,1590.0306701660156,0.647,28446.0
881,1589.8017883300781,1589.813232421875,0.642,28560.0
882,1589.7216796875,1589.7331237792969,0.523,28602.0
883,1589.5271301269531,1589.53857421875,0.69,28704.0
884,1589.447021484375,1589.4584655761719,0.503,28746.0
885,1589.4355773925781,1589.447021484375,0.506,28752.0
886,1589.2982482910156,1589.3096923828125,0.529,28824.0
887,1589.263916015625,1589.2753601074219,0.52,28842.0
888,1589.1380310058594,1589.1494750976562,0.546,28908.0
889,1589.080810546875,1589.0922546386719,0.507,28938.0
890,1589.0007019042969,1589.0121459960938,0.534,28980.0
891,1588.9205932617188,1588.9320373535156,0.532,29022.0
892,1588.714599609375,1588.7260437011719,0.509,29130.0
893,1699.7795104980469,1699.7909545898438,0.554,468.0
894,1694.5152282714844,1694.5266723632812,0.928,3228.0
895,1689.1822814941406,1689.1937255859375,0.518,6024.0
896,1683.5975646972656,1683.6090087890625,0.524,8952.0
897,1679.6379089355469,1679.6493530273438,0.679,11028.0
898,1652.9731750488281,1652.984619140625,0.654,25008.0
899,1651.9203186035156,1651.9317626953125,0.684,25560.0
900,1651.5769958496094,1651.5884399414062,0.506,25740.0
901,1650.6614685058594,1650.6729125976562,0.669,26220.0
902,1649.9977111816406,1650.0091552734375,0.556,26568.0
903,1647.6058959960938,1647.6173400878906,0.578,27822.0
904,1646.1181640625,1646.1296081542969,0.683,28602.0
905,1750.2021789550781,1750.213623046875,0.663,3600.0
906,1749.1493225097656,1749.1607666015625,0.673,4152.0
907,1747.5929260253906,1747.6043701171875,0.67,4968.0
908,1742.5460815429688,1742.5575256347656,0.667,7614.0
909,1733.367919921875,1733.3793640136719,0.542,12426.0
910,1731.9831848144531,1731.99462890625,0.544,13152.0
911,1720.5848693847656,1720.5963134765625,0.576,19128.0
912,1719.1085815429688,1719.1200256347656,0.506,19902.0
913,1712.2077941894531,1712.21923828125,0.506,23520.0
914,1709.7015380859375,1709.7129821777344,0.534,24834.0
915,1709.1522216796875,1709.1636657714844,0.604,25122.0
916,1701.4846801757812,1701.4961242675781,0.517,29142.0
917,1804.8019409179688,1804.8133850097656,0.562,4542.0
918,1801.94091796875,1801.9523620605469,0.515,6042.0
919,1791.68701171875,1791.6984558105469,0.501,11418.0
920,1789.3180847167969,1789.3295288085938,0.646,12660.0
921,1776.8096923828125,1776.8211364746094,0.504,19218.0
922,1770.4238891601562,1770.4353332519531,0.533,22566.0
923,1764.5187377929688,1764.5301818847656,0.586,25662.0
924,1758.8310241699219,1758.8424682617188,0.541,28644.0
925,1757.5836181640625,1757.5950622558594,0.511,29298.0
926,1868.6370849609375,1868.6485290527344,0.515,642.0
927,1862.1253967285156,1862.1368408203125,0.51,4056.0
928,1860.1341247558594,1860.1455688476562,0.643,5100.0
929,1855.499267578125,1855.5107116699219,0.667,7530.0
930,1854.6524047851562,1854.6638488769531,0.651,7974.0
931,1845.3712463378906,1845.3826904296875,0.511,12840.0
932,1843.2197570800781,1843.231201171875,0.705,13968.0
933,1824.7146606445312,1824.7261047363281,0.527,23670.0
934,1820.9037780761719,1820.9152221679688,0.544,25668.0
935,1926.2008666992188,1926.2123107910156,0.639,30.0
936,1926.1894226074219,1926.2008666992188,0.555,36.0
937,1923.2826232910156,1923.2940673828125,0.695,1560.0
938,1923.2254028320312,1923.2368469238281,0.64,1590.0
939,1923.2139587402344,1923.2254028320312,0.577,1596.0
940,1922.9049682617188,1922.9164123535156,0.605,1758.0
941,1922.1153259277344,1922.1267700195312,0.923,2172.0
942,1922.1038818359375,1922.1153259277344,0.735,2178.0
943,1922.0809936523438,1922.0924377441406,0.829,2190.0
944,1921.9551086425781,1921.966552734375,0.846,2256.0
945,1921.8177795410156,1921.8292236328125,0.598,2328.0
946,1921.783447265625,1921.7948913574219,0.732,2346.0
947,1921.7720031738281,1921.783447265625,0.655,2352.0
948,1921.7033386230469,1921.7147827148438,0.695,2388.0
949,1921.5431213378906,1921.5545654296875,0.666,2472.0
950,1921.3600158691406,1921.3714599609375,0.694,2568.0
951,1921.1540222167969,1921.1654663085938,0.678,2676.0
952,1921.0052490234375,1921.0166931152344,0.921,2754.0
953,1920.9709167480469,1920.9823608398438,0.511,2772.0
954,1920.4444885253906,1920.4559326171875,0.652,3048.0
955,1918.6592102050781,1918.670654296875,0.615,3984.0
956,1910.430908203125,1910.4423522949219,0.528,8298.0
957,1910.1791381835938,1910.1905822753906,0.513,8430.0
958,1909.9159240722656,1909.9273681640625,0.508,8568.0
959,1901.0009765625,1901.0124206542969,0.512,13242.0
960,1896.9955444335938,1897.0069885253906,0.647,15342.0
961,1893.2991027832031,1893.310546875,0.605,17280.0
962,1892.9672241210938,1892.9786682128906,0.539,17454.0
963,1883.3885192871094,1883.3999633789062,0.528,22476.0
964,1872.2190856933594,1872.2305297851562,0.556,28332.0
