,start_freq,end_freq,probability
0,1856.451416015625,1856.4628601074219,0.825
1,1856.4285278320312,1856.4399719238281,0.693
2,1852.8350830078125,1852.8465270996094,0.501
3,1852.8121948242188,1852.8236389160156,0.608
4,1852.8007507324219,1852.8121948242188,0.659
5,1852.1369934082031,1852.1484375,0.558
6,1849.2073059082031,1849.21875,0.501
7,1846.2776184082031,1846.2890625,0.598
8,1843.3479309082031,1843.359375,0.561
9,1840.4182434082031,1840.4296875,0.577
10,1837.5114440917969,1837.5228881835938,0.525
11,1837.4885559082031,1837.5,0.565
12,1837.4656677246094,1837.4771118164062,0.615
13,1837.408447265625,1837.4198913574219,0.726
14,1831.6291809082031,1831.640625,0.535
15,1825.7698059082031,1825.78125,0.623
16,1822.8401184082031,1822.8515625,0.571
17,1819.9104309082031,1819.921875,0.565
18,1819.2581176757812,1819.2695617675781,0.747
19,1814.3028259277344,1814.3142700195312,0.541
20,1809.0728759765625,1809.0843200683594,0.502
21,1806.6696166992188,1806.6810607910156,0.806
22,1806.0745239257812,1806.0859680175781,0.776
23,1805.2619934082031,1805.2734375,0.576
24,1802.3323059082031,1802.34375,0.528
25,1799.4026184082031,1799.4140625,0.503
26,1923.5137939453125,1923.5252380371094,0.531
27,1923.468017578125,1923.4794616699219,0.529
28,1923.4565734863281,1923.468017578125,0.585
29,1923.4107971191406,1923.4222412109375,0.626
30,1923.3879089355469,1923.3993530273438,0.508
31,1923.3650207519531,1923.37646484375,0.521
32,1923.3535766601562,1923.3650207519531,0.528
33,1923.284912109375,1923.2963562011719,0.542
34,1923.2734680175781,1923.284912109375,0.775
35,1923.2620239257812,1923.2734680175781,0.545
36,1923.2048034667969,1923.2162475585938,0.543
37,1923.1819152832031,1923.193359375,0.575
38,1923.1704711914062,1923.1819152832031,0.595
39,1923.1475830078125,1923.1590270996094,0.67
40,1923.1246948242188,1923.1361389160156,0.569
41,1923.1132507324219,1923.1246948242188,0.552
42,1923.0331420898438,1923.0445861816406,0.659
43,1923.0216979980469,1923.0331420898438,0.817
44,1922.9988098144531,1923.01025390625,0.704
45,1922.9873657226562,1922.9988098144531,0.757
46,1922.9301452636719,1922.9415893554688,0.762
47,1922.918701171875,1922.9301452636719,0.653
48,1922.9072570800781,1922.918701171875,0.519
49,1922.8958129882812,1922.9072570800781,0.557
50,1922.8843688964844,1922.8958129882812,0.604
51,1922.7699279785156,1922.7813720703125,0.56
52,1922.7584838867188,1922.7699279785156,0.532
53,1922.2892761230469,1922.3007202148438,0.523
54,1922.1977233886719,1922.2091674804688,0.577
55,1922.1405029296875,1922.1519470214844,0.536
56,1922.1061706542969,1922.1176147460938,0.547
57,1922.0832824707031,1922.0947265625,0.775
58,1922.0718383789062,1922.0832824707031,0.504
59,1922.0603942871094,1922.0718383789062,0.547
60,1922.0489501953125,1922.0603942871094,0.603
61,1922.0375061035156,1922.0489501953125,0.578
62,1922.0146179199219,1922.0260620117188,0.56
63,1921.9802856445312,1921.9917297363281,0.672
64,1921.9688415527344,1921.9802856445312,0.953
65,1921.9573974609375,1921.9688415527344,0.777
66,1921.91162109375,1921.9230651855469,0.628
67,1921.9001770019531,1921.91162109375,0.571
68,1921.8887329101562,1921.9001770019531,0.764
69,1921.8544006347656,1921.8658447265625,0.63
70,1921.7971801757812,1921.8086242675781,0.573
71,1921.7742919921875,1921.7857360839844,0.768
72,1921.7628479003906,1921.7742919921875,0.529
73,1921.7514038085938,1921.7628479003906,0.523
74,1921.7399597167969,1921.7514038085938,0.542
75,1921.7170715332031,1921.728515625,0.514
76,1921.7056274414062,1921.7170715332031,0.687
77,1921.6827392578125,1921.6941833496094,0.554
78,1921.6598510742188,1921.6712951660156,0.623
79,1921.6484069824219,1921.6598510742188,0.616
80,1921.6255187988281,1921.636962890625,0.565
81,1921.6026306152344,1921.6140747070312,0.55
82,1921.5911865234375,1921.6026306152344,0.509
83,1921.5682983398438,1921.5797424316406,0.846
84,1921.5568542480469,1921.5682983398438,0.555
85,1921.5225219726562,1921.5339660644531,0.588
86,1921.4767456054688,1921.4881896972656,0.517
87,1921.4424133300781,1921.453857421875,0.987
88,1921.4309692382812,1921.4424133300781,0.723
89,1921.4195251464844,1921.4309692382812,0.657
90,1921.3851928710938,1921.3966369628906,0.805
91,1921.3623046875,1921.3737487792969,0.516
92,1921.3508605957031,1921.3623046875,0.621
93,1921.3394165039062,1921.3508605957031,0.593
94,1921.3165283203125,1921.3279724121094,0.555
95,1921.3050842285156,1921.3165283203125,0.577
96,1921.2936401367188,1921.3050842285156,0.815
97,1921.2593078613281,1921.270751953125,0.542
98,1921.2478637695312,1921.2593078613281,0.516
99,1921.2364196777344,1921.2478637695312,0.533
100,1921.2135314941406,1921.2249755859375,0.598
101,1921.1563110351562,1921.1677551269531,0.566
102,1921.087646484375,1921.0990905761719,0.575
103,1921.0533142089844,1921.0647583007812,0.506
104,1920.99609375,1921.0075378417969,0.522
105,1920.9503173828125,1920.9617614746094,0.53
106,1920.9274291992188,1920.9388732910156,0.532
107,1920.9159851074219,1920.9274291992188,0.517
108,1920.904541015625,1920.9159851074219,0.67
109,1920.8702087402344,1920.8816528320312,0.633
110,1918.0892944335938,1918.1007385253906,0.732
111,1918.0778503417969,1918.0892944335938,0.737
112,1910.7307434082031,1910.7421875,0.579
113,1904.8713684082031,1904.8828125,0.633
114,1901.9416809082031,1901.953125,0.543
115,1899.0119934082031,1899.0234375,0.633
116,1896.4828491210938,1896.4942932128906,0.757
117,1893.1526184082031,1893.1640625,0.524
118,1891.1041259765625,1891.1155700683594,0.57
119,1887.2932434082031,1887.3046875,0.583
120,1878.5041809082031,1878.515625,0.548
121,1878.3439636230469,1878.3554077148438,0.505
122,1872.6448059082031,1872.65625,0.554
123,1869.7151184082031,1869.7265625,0.512
124,1863.8557434082031,1863.8671875,0.662
125,1860.9260559082031,1860.9375,0.599
126,1985.2317810058594,1985.2432250976562,0.659
127,1985.1860046386719,1985.1974487304688,0.522
128,1981.8328857421875,1981.8443298339844,0.517
129,1981.7985534667969,1981.8099975585938,0.519
130,1981.0432434082031,1981.0546875,0.524
131,1980.1963806152344,1980.2078247070312,0.515
132,1975.1838684082031,1975.1953125,0.559
133,1972.2541809082031,1972.265625,0.685
134,1969.3244934082031,1969.3359375,0.514
135,1965.5937194824219,1965.6051635742188,0.653
136,1964.8956298828125,1964.9070739746094,0.643
137,1964.8612976074219,1964.8727416992188,0.55
138,1964.849853515625,1964.8612976074219,0.53
139,1964.7926330566406,1964.8040771484375,0.527
140,1964.7811889648438,1964.7926330566406,0.696
141,1964.7010803222656,1964.7125244140625,0.673
142,1964.6438598632812,1964.6553039550781,0.525
143,1964.5637512207031,1964.5751953125,0.744
144,1964.4950866699219,1964.5065307617188,0.696
145,1964.4493103027344,1964.4607543945312,0.589
146,1964.4378662109375,1964.4493103027344,0.579
147,1964.39208984375,1964.4035339355469,0.753
148,1964.3692016601562,1964.3806457519531,0.546
149,1964.1632080078125,1964.1746520996094,0.545
150,1964.117431640625,1964.1288757324219,0.807
151,1964.0716552734375,1964.0830993652344,0.581
152,1964.0602111816406,1964.0716552734375,0.588
153,1964.0487670898438,1964.0602111816406,0.561
154,1963.9915466308594,1964.0029907226562,0.67
155,1963.9686584472656,1963.9801025390625,0.784
156,1963.9457702636719,1963.9572143554688,0.644
157,1963.934326171875,1963.9457702636719,0.857
158,1963.6711120605469,1963.6825561523438,0.502
159,1963.6482238769531,1963.65966796875,0.632
160,1963.6253356933594,1963.6367797851562,0.615
161,1963.6024475097656,1963.6138916015625,0.699
162,1963.5795593261719,1963.5910034179688,0.763
163,1963.5452270507812,1963.5566711425781,0.666
164,1963.5108947753906,1963.5223388671875,0.511
165,1963.4994506835938,1963.5108947753906,0.702
166,1963.4651184082031,1963.4765625,0.644
167,1963.385009765625,1963.3964538574219,0.541
168,1963.3735656738281,1963.385009765625,0.515
169,1963.0989074707031,1963.1103515625,0.766
170,1962.9844665527344,1962.9959106445312,0.623
171,1962.9386901855469,1962.9501342773438,0.558
172,1962.8700256347656,1962.8814697265625,0.589
173,1962.8242492675781,1962.835693359375,0.632
174,1962.6754760742188,1962.6869201660156,0.595
175,1962.6068115234375,1962.6182556152344,0.602
176,1962.5495910644531,1962.56103515625,0.663
177,1962.5038146972656,1962.5152587890625,0.823
178,1962.4465942382812,1962.4580383300781,0.619
179,1962.3664855957031,1962.3779296875,0.517
180,1962.3550415039062,1962.3664855957031,0.602
181,1962.1719360351562,1962.1833801269531,0.615
182,1962.1490478515625,1962.1604919433594,0.603
183,1962.1147155761719,1962.1261596679688,0.502
184,1962.0803833007812,1962.0918273925781,0.574
185,1962.0689392089844,1962.0803833007812,0.797
186,1961.920166015625,1961.9316101074219,0.806
187,1961.8171691894531,1961.82861328125,0.606
188,1960.5354309082031,1960.546875,0.601
189,1960.272216796875,1960.2836608886719,0.535
190,1960.2607727050781,1960.272216796875,0.53
191,1960.2493286132812,1960.2607727050781,0.572
192,1960.1921081542969,1960.2035522460938,0.519
193,1960.1463317871094,1960.1577758789062,0.52
194,1960.0318908691406,1960.0433349609375,0.545
195,1960.0204467773438,1960.0318908691406,0.551
196,1959.99755859375,1960.0090026855469,0.58
197,1959.8030090332031,1959.814453125,0.522
198,1959.7915649414062,1959.8030090332031,0.786
199,1959.7686767578125,1959.7801208496094,0.58
200,1959.7457885742188,1959.7572326660156,0.917
201,1959.7343444824219,1959.7457885742188,0.571
202,1959.63134765625,1959.6427917480469,0.569
203,1959.6084594726562,1959.6199035644531,0.515
204,1959.5855712890625,1959.5970153808594,0.64
205,1957.6057434082031,1957.6171875,0.555
206,1955.1681518554688,1955.1795959472656,0.503
207,1955.0308227539062,1955.0422668457031,0.559
208,1954.9392700195312,1954.9507141113281,0.503
209,1954.2411804199219,1954.2526245117188,0.695
210,1953.7261962890625,1953.7376403808594,0.68
211,1953.7147521972656,1953.7261962890625,0.506
212,1953.5545349121094,1953.5659790039062,0.75
213,1951.7463684082031,1951.7578125,0.509
214,1950.6019592285156,1950.6134033203125,0.528
215,1950.5905151367188,1950.6019592285156,0.821
216,1950.1670837402344,1950.1785278320312,0.502
217,1948.8166809082031,1948.828125,0.604
218,1948.7480163574219,1948.7594604492188,0.517
219,1948.7022399902344,1948.7136840820312,0.902
220,1945.7382202148438,1945.7496643066406,0.921
221,1944.8570251464844,1944.8684692382812,0.713
222,1944.8455810546875,1944.8570251464844,0.538
223,1944.8112487792969,1944.8226928710938,0.514
224,1944.7883605957031,1944.7998046875,0.553
225,1944.7769165039062,1944.7883605957031,0.706
226,1944.7654724121094,1944.7769165039062,0.522
227,1944.7311401367188,1944.7425842285156,0.522
228,1942.9573059082031,1942.96875,0.556
229,1941.3665771484375,1941.3780212402344,0.587
230,1937.0979309082031,1937.109375,0.53
231,1935.2325439453125,1935.2439880371094,0.524
232,1935.0265502929688,1935.0379943847656,0.511
233,1934.8320007324219,1934.8434448242188,0.515
234,1934.7976684570312,1934.8091125488281,0.503
235,1934.7633361816406,1934.7747802734375,0.54
236,1934.72900390625,1934.7404479980469,0.512
237,1933.2984924316406,1933.3099365234375,0.721
238,1931.2385559082031,1931.25,0.514
239,1930.2543640136719,1930.2658081054688,0.516
240,1930.242919921875,1930.2543640136719,0.622
241,1930.2314758300781,1930.242919921875,0.557
242,1930.2085876464844,1930.2200317382812,0.517
243,1930.1628112792969,1930.1742553710938,0.537
244,1929.052734375,1929.0641784667969,0.531
245,1929.0298461914062,1929.0412902832031,0.776
246,1929.0184020996094,1929.0298461914062,0.652
247,1929.0069580078125,1929.0184020996094,0.567
248,1928.9840698242188,1928.9955139160156,0.526
249,1928.9497375488281,1928.961181640625,0.677
250,1928.8925170898438,1928.9039611816406,0.644
251,1928.86962890625,1928.8810729980469,0.534
252,1928.8352966308594,1928.8467407226562,0.646
253,1928.8009643554688,1928.8124084472656,0.601
254,1928.778076171875,1928.7895202636719,0.958
255,1928.7666320800781,1928.778076171875,0.903
256,1928.7551879882812,1928.7666320800781,0.544
257,1928.7437438964844,1928.7551879882812,0.704
258,1928.7208557128906,1928.7322998046875,0.54
259,1928.7094116210938,1928.7208557128906,0.635
260,1928.6293029785156,1928.6407470703125,0.554
261,1928.594970703125,1928.6064147949219,0.653
262,1928.5720825195312,1928.5835266113281,0.542
263,1928.5606384277344,1928.5720825195312,0.676
264,1928.5148620605469,1928.5263061523438,0.631
265,1928.50341796875,1928.5148620605469,0.853
266,1928.4919738769531,1928.50341796875,0.554
267,1928.4690856933594,1928.4805297851562,0.809
268,1928.4576416015625,1928.4690856933594,0.768
269,1928.4461975097656,1928.4576416015625,0.557
270,1928.4347534179688,1928.4461975097656,0.552
271,1928.4233093261719,1928.4347534179688,0.534
272,1928.411865234375,1928.4233093261719,0.742
273,1928.3889770507812,1928.4004211425781,0.512
274,1928.3660888671875,1928.3775329589844,0.587
275,1928.3546447753906,1928.3660888671875,0.647
276,1928.3432006835938,1928.3546447753906,0.557
277,1928.3203125,1928.3317565917969,0.604
278,1928.2974243164062,1928.3088684082031,0.669
279,1928.2745361328125,1928.2859802246094,0.561
280,1928.2630920410156,1928.2745361328125,0.627
281,1928.2516479492188,1928.2630920410156,0.506
282,1928.2402038574219,1928.2516479492188,0.62
283,1928.2173156738281,1928.228759765625,0.536
284,1928.2058715820312,1928.2173156738281,0.64
285,1928.1600952148438,1928.1715393066406,0.794
286,1928.1486511230469,1928.1600952148438,0.573
287,1928.13720703125,1928.1486511230469,0.594
288,1928.1257629394531,1928.13720703125,0.583
289,1928.1143188476562,1928.1257629394531,0.65
290,1928.1028747558594,1928.1143188476562,0.658
291,1928.0914306640625,1928.1028747558594,0.696
292,1928.0799865722656,1928.0914306640625,0.576
293,1928.0685424804688,1928.0799865722656,0.556
294,1928.0570983886719,1928.0685424804688,0.916
295,1928.045654296875,1928.0570983886719,0.544
296,1928.0227661132812,1928.0342102050781,0.547
297,1928.0113220214844,1928.0227661132812,0.949
298,1927.9998779296875,1928.0113220214844,0.746
299,1927.9884338378906,1927.9998779296875,0.619
300,1927.9769897460938,1927.9884338378906,0.661
301,1927.9655456542969,1927.9769897460938,0.671
302,1927.9426574707031,1927.9541015625,0.567
303,1927.9312133789062,1927.9426574707031,0.61
304,1927.9083251953125,1927.9197692871094,0.56
305,1927.8854370117188,1927.8968811035156,0.596
306,1927.8739929199219,1927.8854370117188,0.831
307,1927.862548828125,1927.8739929199219,0.546
308,1925.5622863769531,1925.57373046875,0.605
309,1925.4707336425781,1925.482177734375,0.679
310,1925.4135131835938,1925.4249572753906,0.641
311,1925.3791809082031,1925.390625,0.534
312,1925.2418518066406,1925.2532958984375,0.624
313,1925.2304077148438,1925.2418518066406,0.618
314,1925.20751953125,1925.2189636230469,0.547
315,1925.0129699707031,1925.0244140625,0.508
316,1925.0015258789062,1925.0129699707031,0.52
317,1924.9214172363281,1924.932861328125,0.55
318,1924.9099731445312,1924.9214172363281,0.55
319,1924.8641967773438,1924.8756408691406,0.519
320,1924.8527526855469,1924.8641967773438,0.556
321,1924.84130859375,1924.8527526855469,0.738
322,1924.8298645019531,1924.84130859375,0.569
323,1924.749755859375,1924.7611999511719,0.569
324,1924.5780944824219,1924.5895385742188,0.725
325,1924.4865417480469,1924.4979858398438,0.505
326,1923.8571166992188,1923.8685607910156,0.51
327,1923.7998962402344,1923.8113403320312,0.514
328,1923.74267578125,1923.7541198730469,0.624
329,1923.6854553222656,1923.6968994140625,0.63
330,1923.6282348632812,1923.6396789550781,0.654
331,1923.6167907714844,1923.6282348632812,0.595
332,1923.5939025878906,1923.6053466796875,0.627
333,1923.5595703125,1923.5710144042969,0.561
334,2048.426055908203,2048.4375,0.582
335,2042.5666809082031,2042.578125,0.506
336,2036.7073059082031,2036.71875,0.596
337,2027.9182434082031,2027.9296875,0.554
338,2024.9885559082031,2025.0,0.571
339,2019.1291809082031,2019.140625,0.616
340,2013.2698059082031,2013.28125,0.56
341,2010.3401184082031,2010.3515625,0.542
342,1992.7619934082031,1992.7734375,0.541
343,1990.5189514160156,1990.5303955078125,0.562
344,1989.8780822753906,1989.8895263671875,0.649
345,1986.9140625,1986.9255065917969,0.527
346,1986.9026184082031,1986.9140625,0.507
347,2109.949493408203,2109.9609375,0.549
348,2108.2557678222656,2108.2672119140625,0.505
349,2105.760955810547,2105.7723999023438,0.508
350,2101.160430908203,2101.171875,0.558
351,2098.230743408203,2098.2421875,0.557
352,2095.301055908203,2095.3125,0.505
353,2071.863555908203,2071.875,0.543
354,2068.933868408203,2068.9453125,0.512
355,2171.472930908203,2171.484375,0.56
356,2168.543243408203,2168.5546875,0.521
357,2153.894805908203,2153.90625,0.517
358,2150.965118408203,2150.9765625,0.524
359,2148.035430908203,2148.046875,0.616
360,2130.457305908203,2130.46875,0.532
361,2127.527618408203,2127.5390625,0.543
362,2124.597930908203,2124.609375,0.558
363,2121.668243408203,2121.6796875,0.507
364,2115.808868408203,2115.8203125,0.581
365,2232.996368408203,2233.0078125,0.519
366,2230.0323486328125,2230.0437927246094,0.601
367,2230.0094604492188,2230.0209045410156,0.719
368,2229.7462463378906,2229.7576904296875,0.534
369,2228.510284423828,2228.521728515625,0.593
370,2226.404571533203,2226.416015625,0.518
371,2226.3931274414062,2226.404571533203,0.621
372,2226.3816833496094,2226.3931274414062,0.517
373,2226.3702392578125,2226.3816833496094,0.508
374,2221.277618408203,2221.2890625,0.533
375,2218.7484741210938,2218.7599182128906,0.506
376,2212.5,2212.511444091797,0.517
377,2212.488555908203,2212.5,0.516
378,2209.558868408203,2209.5703125,0.51
379,2200.8155822753906,2200.8270263671875,0.888
380,2199.304962158203,2199.31640625,0.522
381,2199.213409423828,2199.224853515625,0.509
382,2199.1790771484375,2199.1905212402344,0.507
383,2199.1676330566406,2199.1790771484375,0.501
384,2199.144744873047,2199.1561889648438,0.508
385,2199.121856689453,2199.13330078125,0.578
386,2199.1104125976562,2199.121856689453,0.503
387,2199.0989685058594,2199.1104125976562,0.506
388,2199.053192138672,2199.0646362304688,0.505
389,2198.961639404297,2198.9730834960938,0.531
390,2198.9158630371094,2198.9273071289062,0.531
391,2198.870086669922,2198.8815307617188,0.541
392,2198.8243103027344,2198.8357543945312,0.549
393,2198.755645751953,2198.76708984375,0.517
394,2198.675537109375,2198.686981201172,0.536
395,2198.664093017578,2198.675537109375,0.514
396,2198.1834411621094,2198.1948852539062,0.518
397,2198.114776611328,2198.126220703125,0.544
398,2198.0003356933594,2198.0117797851562,0.576
399,2197.9774475097656,2197.9888916015625,0.526
400,2197.954559326172,2197.9660034179688,0.516
401,2197.931671142578,2197.943115234375,0.564
402,2197.9202270507812,2197.931671142578,0.557
403,2197.8858947753906,2197.8973388671875,0.513
404,2197.863006591797,2197.8744506835938,0.525
405,2197.840118408203,2197.8515625,0.535
406,2197.8286743164062,2197.840118408203,0.54
407,2197.8057861328125,2197.8172302246094,0.511
408,2197.771453857422,2197.7828979492188,0.559
409,2197.7256774902344,2197.7371215820312,0.553
410,2197.7142333984375,2197.7256774902344,0.501
411,2197.6913452148438,2197.7027893066406,0.595
412,2197.679901123047,2197.6913452148438,0.586
413,2197.66845703125,2197.679901123047,0.6
414,2197.657012939453,2197.66845703125,0.669
415,2197.6341247558594,2197.6455688476562,0.543
416,2197.6112365722656,2197.6226806640625,0.526
417,2197.5540161132812,2197.565460205078,0.54
418,2197.3480224609375,2197.3594665527344,0.695
419,2197.3365783691406,2197.3480224609375,0.571
420,2197.30224609375,2197.313690185547,0.579
421,2197.222137451172,2197.2335815429688,0.88
422,2197.210693359375,2197.222137451172,0.714
423,2197.1878051757812,2197.199249267578,0.544
424,2197.1649169921875,2197.1763610839844,0.689
425,2197.1534729003906,2197.1649169921875,0.751
426,2197.1420288085938,2197.1534729003906,0.742
427,2197.130584716797,2197.1420288085938,0.731
428,2197.119140625,2197.130584716797,0.675
429,2197.107696533203,2197.119140625,0.688
430,2196.9589233398438,2196.9703674316406,0.606
431,2196.947479248047,2196.9589233398438,0.88
432,2196.93603515625,2196.947479248047,0.688
433,2196.924591064453,2196.93603515625,0.653
434,2196.9131469726562,2196.924591064453,0.995
435,2196.8902587890625,2196.9017028808594,0.61
436,2196.581268310547,2196.5927124023438,0.575
437,2196.558380126953,2196.56982421875,0.514
438,2196.375274658203,2196.38671875,0.654
439,2196.3638305664062,2196.375274658203,0.649
440,2196.3523864746094,2196.3638305664062,0.653
441,2196.3409423828125,2196.3523864746094,0.883
442,2196.3294982910156,2196.3409423828125,0.643
443,2196.3180541992188,2196.3294982910156,0.688
444,2196.306610107422,2196.3180541992188,0.684
445,2196.295166015625,2196.306610107422,0.56
446,2196.283721923828,2196.295166015625,0.653
447,2196.2722778320312,2196.283721923828,0.642
448,2196.2608337402344,2196.2722778320312,0.651
449,2196.2493896484375,2196.2608337402344,0.709
450,2196.2379455566406,2196.2493896484375,0.672
451,2196.2265014648438,2196.2379455566406,0.57
452,2196.215057373047,2196.2265014648438,0.613
453,2196.20361328125,2196.215057373047,0.687
454,2196.192169189453,2196.20361328125,0.61
455,2196.1807250976562,2196.192169189453,0.562
456,2196.1692810058594,2196.1807250976562,0.766
457,2196.1578369140625,2196.1692810058594,0.76
458,2196.1463928222656,2196.1578369140625,0.653
459,2196.009063720703,2196.0205078125,0.64
460,2195.9976196289062,2196.009063720703,0.76
461,2195.9861755371094,2195.9976196289062,0.662
462,2195.9747314453125,2195.9861755371094,0.582
463,2195.9632873535156,2195.9747314453125,0.608
464,2195.9518432617188,2195.9632873535156,0.702
465,2195.940399169922,2195.9518432617188,0.599
466,2195.928955078125,2195.940399169922,0.692
467,2195.917510986328,2195.928955078125,0.626
468,2195.9060668945312,2195.917510986328,0.608
469,2195.8946228027344,2195.9060668945312,0.601
470,2195.8831787109375,2195.8946228027344,0.692
471,2195.8717346191406,2195.8831787109375,0.833
472,2195.8602905273438,2195.8717346191406,0.635
473,2195.848846435547,2195.8602905273438,0.748
474,2195.83740234375,2195.848846435547,0.597
475,2195.825958251953,2195.83740234375,0.618
476,2195.8145141601562,2195.825958251953,0.752
477,2195.8030700683594,2195.8145141601562,0.603
478,2195.7916259765625,2195.8030700683594,0.595
479,2195.7801818847656,2195.7916259765625,0.59
480,2195.7687377929688,2195.7801818847656,0.893
481,2195.757293701172,2195.7687377929688,0.723
482,2195.745849609375,2195.757293701172,0.777
483,2195.734405517578,2195.745849609375,0.892
484,2195.7229614257812,2195.734405517578,0.712
485,2195.7115173339844,2195.7229614257812,0.806
486,2195.7000732421875,2195.7115173339844,0.785
487,2195.6886291503906,2195.7000732421875,0.85
488,2195.6771850585938,2195.6886291503906,0.811
489,2195.665740966797,2195.6771850585938,0.989
490,2195.654296875,2195.665740966797,0.735
491,2195.642852783203,2195.654296875,0.893
492,2195.6314086914062,2195.642852783203,0.924
493,2195.6199645996094,2195.6314086914062,0.78
494,2195.6085205078125,2195.6199645996094,0.704
495,2195.5970764160156,2195.6085205078125,0.847
496,2195.5856323242188,2195.5970764160156,0.942
497,2195.574188232422,2195.5856323242188,0.741
498,2195.562744140625,2195.574188232422,0.892
499,2195.551300048828,2195.562744140625,0.554
500,2195.5398559570312,2195.551300048828,0.933
501,2195.5169677734375,2195.5284118652344,0.67
502,2195.5055236816406,2195.5169677734375,0.504
503,2195.4940795898438,2195.5055236816406,0.547
504,2195.4483032226562,2195.459747314453,0.873
505,2195.4025268554688,2195.4139709472656,0.511
506,2195.379638671875,2195.391082763672,0.595
507,2195.3567504882812,2195.368194580078,0.517
508,2195.299530029297,2195.3109741210938,0.574
509,2195.2880859375,2195.299530029297,0.556
510,2195.196533203125,2195.207977294922,0.747
511,2195.185089111328,2195.196533203125,0.508
512,2195.1736450195312,2195.185089111328,0.503
513,2195.0592041015625,2195.0706481933594,0.69
514,2194.9790954589844,2194.9905395507812,0.517
515,2194.933319091797,2194.9447631835938,0.501
516,2194.910430908203,2194.921875,0.539
517,2194.8532104492188,2194.8646545410156,0.525
518,2194.841766357422,2194.8532104492188,0.573
519,2194.818878173828,2194.830322265625,0.629
520,2194.7959899902344,2194.8074340820312,0.611
521,2194.7845458984375,2194.7959899902344,0.612
522,2194.7731018066406,2194.7845458984375,0.597
523,2194.7616577148438,2194.7731018066406,0.597
524,2194.73876953125,2194.750213623047,0.738
525,2194.727325439453,2194.73876953125,0.595
526,2194.7158813476562,2194.727325439453,0.533
527,2194.7044372558594,2194.7158813476562,0.969
528,2194.6929931640625,2194.7044372558594,0.593
529,2194.6815490722656,2194.6929931640625,0.89
530,2194.6701049804688,2194.6815490722656,0.511
531,2194.658660888672,2194.6701049804688,0.541
532,2194.647216796875,2194.658660888672,0.863
533,2194.635772705078,2194.647216796875,0.67
534,2194.6243286132812,2194.635772705078,0.585
535,2194.6128845214844,2194.6243286132812,0.504
536,2194.6014404296875,2194.6128845214844,0.913
537,2194.5899963378906,2194.6014404296875,0.536
538,2194.5785522460938,2194.5899963378906,0.622
539,2194.567108154297,2194.5785522460938,0.554
540,2194.544219970703,2194.5556640625,0.502
541,2194.5327758789062,2194.544219970703,0.555
542,2194.5213317871094,2194.5327758789062,0.623
543,2194.5098876953125,2194.5213317871094,0.901
544,2194.4984436035156,2194.5098876953125,0.895
545,2194.4869995117188,2194.4984436035156,0.947
546,2194.475555419922,2194.4869995117188,0.82
547,2194.464111328125,2194.475555419922,0.849
548,2194.452667236328,2194.464111328125,0.914
549,2194.4412231445312,2194.452667236328,0.909
550,2194.4297790527344,2194.4412231445312,0.879
551,2194.4183349609375,2194.4297790527344,0.914
552,2194.3954467773438,2194.4068908691406,0.889
553,2194.37255859375,2194.384002685547,0.891
554,2194.361114501953,2194.37255859375,0.908
555,2194.3496704101562,2194.361114501953,0.972
556,2194.3382263183594,2194.3496704101562,0.926
557,2194.3153381347656,2194.3267822265625,0.858
558,2194.3038940429688,2194.3153381347656,0.867
559,2194.292449951172,2194.3038940429688,0.863
560,2194.281005859375,2194.292449951172,0.676
561,2194.269561767578,2194.281005859375,0.786
562,2194.2581176757812,2194.269561767578,0.784
563,2194.2466735839844,2194.2581176757812,0.99
564,2194.2352294921875,2194.2466735839844,0.71
565,2194.2237854003906,2194.2352294921875,0.731
566,2194.2123413085938,2194.2237854003906,0.896
567,2194.200897216797,2194.2123413085938,0.725
568,2194.189453125,2194.200897216797,0.642
569,2194.178009033203,2194.189453125,0.904
570,2194.1665649414062,2194.178009033203,0.778
571,2194.1551208496094,2194.1665649414062,0.899
572,2194.1436767578125,2194.1551208496094,0.648
573,2194.1322326660156,2194.1436767578125,0.689
574,2194.1207885742188,2194.1322326660156,0.511
575,2194.109344482422,2194.1207885742188,0.757
576,2194.097900390625,2194.109344482422,0.81
577,2194.086456298828,2194.097900390625,0.844
578,2194.0750122070312,2194.086456298828,0.67
579,2194.0635681152344,2194.0750122070312,0.681
580,2194.0521240234375,2194.0635681152344,0.662
581,2194.0406799316406,2194.0521240234375,0.744
582,2194.0292358398438,2194.0406799316406,0.637
583,2194.017791748047,2194.0292358398438,0.709
584,2194.00634765625,2194.017791748047,0.568
585,2193.994903564453,2194.00634765625,0.517
586,2193.914794921875,2193.926239013672,0.858
587,2193.903350830078,2193.914794921875,0.699
588,2193.8919067382812,2193.903350830078,0.631
589,2193.8804626464844,2193.8919067382812,0.787
590,2193.8690185546875,2193.8804626464844,0.643
591,2193.8575744628906,2193.8690185546875,0.558
592,2193.8461303710938,2193.8575744628906,0.639
593,2193.834686279297,2193.8461303710938,0.644
594,2193.8232421875,2193.834686279297,0.813
595,2193.811798095703,2193.8232421875,0.803
596,2193.8003540039062,2193.811798095703,0.714
597,2193.7889099121094,2193.8003540039062,0.549
598,2193.7774658203125,2193.7889099121094,0.612
599,2193.7660217285156,2193.7774658203125,0.763
600,2193.7545776367188,2193.7660217285156,0.672
601,2193.743133544922,2193.7545776367188,0.631
602,2193.731689453125,2193.743133544922,0.517
603,2193.720245361328,2193.731689453125,0.585
604,2193.7088012695312,2193.720245361328,0.633
605,2193.6973571777344,2193.7088012695312,0.594
606,2193.6859130859375,2193.6973571777344,0.613
607,2193.6744689941406,2193.6859130859375,0.88
608,2193.6630249023438,2193.6744689941406,0.763
609,2193.651580810547,2193.6630249023438,0.775
610,2193.64013671875,2193.651580810547,0.956
611,2193.628692626953,2193.64013671875,0.633
612,2193.6172485351562,2193.628692626953,0.505
613,2193.6058044433594,2193.6172485351562,0.535
614,2193.5943603515625,2193.6058044433594,0.533
615,2193.5829162597656,2193.5943603515625,0.616
616,2193.5714721679688,2193.5829162597656,0.649
617,2193.560028076172,2193.5714721679688,0.53
618,2193.548583984375,2193.560028076172,0.596
619,2193.468475341797,2193.4799194335938,0.752
620,2191.980743408203,2191.9921875,0.573
621,2190.6417846679688,2190.6532287597656,0.543
622,2190.630340576172,2190.6417846679688,0.537
623,2190.618896484375,2190.630340576172,0.559
624,2190.607452392578,2190.618896484375,0.525
625,2189.051055908203,2189.0625,0.51
626,2188.4445190429688,2188.4559631347656,0.768
627,2188.421630859375,2188.433074951172,0.676
628,2188.3758544921875,2188.3872985839844,0.522
629,2188.055419921875,2188.066864013672,0.52
630,2188.043975830078,2188.055419921875,0.544
631,2188.0210876464844,2188.0325317382812,0.544
632,2187.9981994628906,2188.0096435546875,0.55
633,2297.449493408203,2297.4609375,0.551
634,2294.519805908203,2294.53125,0.541
635,2291.590118408203,2291.6015625,0.511
636,2282.801055908203,2282.8125,0.56
637,2279.871368408203,2279.8828125,0.574
638,2265.222930908203,2265.234375,0.507
639,2264.6392822265625,2264.6507263183594,0.507
640,2262.293243408203,2262.3046875,0.523
641,2260.462188720703,2260.4736328125,0.542
642,2253.504180908203,2253.515625,0.517
643,2252.519989013672,2252.5314331054688,0.609
644,2247.644805908203,2247.65625,0.523
645,2244.715118408203,2244.7265625,0.504
646,2358.972930908203,2358.984375,0.514
647,2352.312469482422,2352.3239135742188,0.925
648,2350.927734375,2350.939178466797,0.843
649,2350.733184814453,2350.74462890625,0.638
650,2350.7217407226562,2350.733184814453,0.875
651,2350.7102966308594,2350.7217407226562,0.611
652,2350.6874084472656,2350.6988525390625,0.848
653,2350.286865234375,2350.298309326172,0.791
654,2349.4171142578125,2349.4285583496094,0.583
655,2349.3942260742188,2349.4056701660156,0.654
656,2349.3255615234375,2349.3370056152344,0.641
657,2349.3141174316406,2349.3255615234375,0.966
658,2349.291229248047,2349.3026733398438,0.521
659,2349.268341064453,2349.27978515625,0.505
660,2349.2111206054688,2349.2225646972656,0.588
661,2349.188232421875,2349.199676513672,0.603
662,2348.638916015625,2348.650360107422,0.888
663,2347.986602783203,2347.998046875,0.656
664,2347.9751586914062,2347.986602783203,0.51
665,2347.8836059570312,2347.895050048828,0.513
666,2347.8721618652344,2347.8836059570312,0.532
667,2347.8492736816406,2347.8607177734375,0.547
668,2347.7920532226562,2347.803497314453,0.516
669,2347.7691650390625,2347.7806091308594,0.501
670,2347.6661682128906,2347.6776123046875,0.63
671,2347.6547241210938,2347.6661682128906,0.975
672,2347.643280029297,2347.6547241210938,0.597
673,2347.6318359375,2347.643280029297,0.507
674,2347.2427368164062,2347.254180908203,0.778
675,2347.2084045410156,2347.2198486328125,0.549
676,2347.1969604492188,2347.2084045410156,0.595
677,2347.185516357422,2347.1969604492188,0.543
678,2346.5560913085938,2346.5675354003906,0.524
679,2346.544647216797,2346.5560913085938,0.52
680,2346.4759826660156,2346.4874267578125,0.666
681,2346.4645385742188,2346.4759826660156,0.578
682,2346.453094482422,2346.4645385742188,0.548
683,2346.441650390625,2346.453094482422,0.592
684,2346.3729858398438,2346.3844299316406,0.614
685,2346.361541748047,2346.3729858398438,0.59
686,2346.35009765625,2346.361541748047,0.796
687,2346.338653564453,2346.35009765625,0.991
688,2346.3043212890625,2346.3157653808594,0.548
689,2346.269989013672,2346.2814331054688,0.582
690,2346.258544921875,2346.269989013672,0.582
691,2346.247100830078,2346.258544921875,0.518
692,2346.2356567382812,2346.247100830078,0.687
693,2346.2242126464844,2346.2356567382812,0.559
694,2346.2127685546875,2346.2242126464844,0.552
695,2346.2013244628906,2346.2127685546875,0.54
696,2346.155548095703,2346.1669921875,0.877
697,2346.0182189941406,2346.0296630859375,0.61
698,2345.995330810547,2346.0067749023438,0.576
699,2345.98388671875,2345.995330810547,0.603
700,2345.5604553222656,2345.5718994140625,0.769
701,2345.4689025878906,2345.4803466796875,0.602
702,2345.2743530273438,2345.2857971191406,0.53
703,2345.262908935547,2345.2743530273438,0.521
704,2345.25146484375,2345.262908935547,0.599
705,2345.240020751953,2345.25146484375,0.518
706,2345.2285766601562,2345.240020751953,0.575
707,2345.2171325683594,2345.2285766601562,0.592
708,2345.159912109375,2345.171356201172,0.504
709,2345.0454711914062,2345.056915283203,0.512
710,2345.0340270996094,2345.0454711914062,0.543
711,2345.0225830078125,2345.0340270996094,0.592
712,2345.0111389160156,2345.0225830078125,0.828
713,2344.9310302734375,2344.9424743652344,0.537
714,2344.9195861816406,2344.9310302734375,0.937
715,2344.9081420898438,2344.9195861816406,0.518
716,2344.88525390625,2344.896697998047,0.544
717,2344.8165893554688,2344.8280334472656,0.639
718,2344.805145263672,2344.8165893554688,0.786
719,2344.7021484375,2344.713592529297,0.543
720,2344.690704345703,2344.7021484375,0.631
721,2344.6792602539062,2344.690704345703,0.551
722,2344.4618225097656,2344.4732666015625,0.803
723,2344.4503784179688,2344.4618225097656,0.726
724,2344.3931579589844,2344.4046020507812,0.574
725,2344.3702697753906,2344.3817138671875,0.57
726,2344.3588256835938,2344.3702697753906,0.559
727,2344.324493408203,2344.3359375,0.533
728,2344.255828857422,2344.2672729492188,0.745
729,2344.1871643066406,2344.1986083984375,0.801
730,2344.1757202148438,2344.1871643066406,0.714
731,2343.9353942871094,2343.9468383789062,0.565
732,2343.8323974609375,2343.8438415527344,0.505
733,2343.695068359375,2343.706512451172,0.53
734,2343.500518798828,2343.511962890625,0.69
735,2343.4890747070312,2343.500518798828,0.502
736,2343.431854248047,2343.4432983398438,0.697
737,2343.3975219726562,2343.408966064453,0.634
738,2343.3860778808594,2343.3975219726562,0.575
739,2343.3746337890625,2343.3860778808594,0.564
740,2343.2945251464844,2343.3059692382812,0.64
741,2343.2830810546875,2343.2945251464844,0.611
742,2341.394805908203,2341.40625,0.556
743,2338.465118408203,2338.4765625,0.512
744,2337.5152587890625,2337.5267028808594,0.54
745,2335.535430908203,2335.546875,0.561
746,2332.6858520507812,2332.697296142578,0.536
747,2332.605743408203,2332.6171875,0.595
748,2331.9534301757812,2331.964874267578,0.504
749,2331.7245483398438,2331.7359924316406,0.531
750,2331.690216064453,2331.70166015625,0.579
751,2331.529998779297,2331.5414428710938,0.548
752,2331.4956665039062,2331.507110595703,0.576
753,2331.3926696777344,2331.4041137695312,0.637
754,2331.33544921875,2331.346893310547,0.545
755,2331.3125610351562,2331.324005126953,0.531
756,2331.140899658203,2331.15234375,0.56
757,2331.1294555664062,2331.140899658203,0.566
758,2330.9463500976562,2330.957794189453,0.636
759,2330.9234619140625,2330.9349060058594,0.572
760,2330.591583251953,2330.60302734375,0.541
761,2330.5572509765625,2330.5686950683594,0.536
762,2330.5458068847656,2330.5572509765625,0.612
763,2330.3627014160156,2330.3741455078125,0.571
764,2330.3512573242188,2330.3627014160156,0.541
765,2330.2597045898438,2330.2711486816406,0.501
766,2330.248260498047,2330.2597045898438,0.542
767,2330.23681640625,2330.248260498047,0.832
768,2330.145263671875,2330.156707763672,0.586
769,2330.1223754882812,2330.133819580078,0.532
770,2330.042266845703,2330.0537109375,0.503
771,2329.9964904785156,2330.0079345703125,0.504
772,2329.973602294922,2329.9850463867188,0.636
773,2329.950714111328,2329.962158203125,0.506
774,2329.9278259277344,2329.9392700195312,0.52
775,2329.8019409179688,2329.8133850097656,0.611
776,2329.779052734375,2329.790496826172,0.511
777,2329.6875,2329.698944091797,0.596
778,2329.676055908203,2329.6875,0.534
779,2329.6531677246094,2329.6646118164062,0.702
780,2329.5501708984375,2329.5616149902344,0.517
781,2329.492950439453,2329.50439453125,0.711
782,2329.4815063476562,2329.492950439453,0.695
783,2329.4700622558594,2329.4815063476562,0.553
784,2329.3441772460938,2329.3556213378906,0.724
785,2329.2640686035156,2329.2755126953125,0.534
786,2329.241180419922,2329.2526245117188,0.513
787,2329.1839599609375,2329.1954040527344,0.539
788,2329.0695190429688,2329.0809631347656,0.513
789,2328.9779663085938,2328.9894104003906,0.536
790,2328.966522216797,2328.9779663085938,0.509
791,2328.874969482422,2328.8864135742188,0.609
792,2328.783416748047,2328.7948608398438,0.535
793,2328.691864013672,2328.7033081054688,0.57
794,2328.680419921875,2328.691864013672,0.568
795,2328.600311279297,2328.6117553710938,0.572
796,2328.577423095703,2328.5888671875,0.718
797,2328.497314453125,2328.508758544922,0.634
798,2328.4286499023438,2328.4400939941406,0.503
799,2328.417205810547,2328.4286499023438,0.535
800,2328.1997680664062,2328.211212158203,0.595
801,2328.0738830566406,2328.0853271484375,0.523
802,2325.304412841797,2325.3158569335938,0.501
803,2325.29296875,2325.304412841797,0.51
804,2325.281524658203,2325.29296875,0.521
805,2325.2700805664062,2325.281524658203,0.554
806,2325.2586364746094,2325.2700805664062,0.852
807,2325.201416015625,2325.212860107422,0.503
808,2325.189971923828,2325.201416015625,0.518
809,2325.1785278320312,2325.189971923828,0.53
810,2324.480438232422,2324.4918823242188,0.531
811,2324.468994140625,2324.480438232422,0.558
812,2324.457550048828,2324.468994140625,0.511
813,2324.4003295898438,2324.4117736816406,0.558
814,2324.388885498047,2324.4003295898438,0.557
815,2324.37744140625,2324.388885498047,0.502
816,2324.3087768554688,2324.3202209472656,0.594
817,2324.297332763672,2324.3087768554688,0.622
818,2324.2630004882812,2324.274444580078,0.529
819,2324.205780029297,2324.2172241210938,0.671
820,2324.1714477539062,2324.182891845703,0.673
821,2324.114227294922,2324.1256713867188,0.511
822,2324.102783203125,2324.114227294922,0.587
823,2324.01123046875,2324.022674560547,0.506
824,2323.999786376953,2324.01123046875,0.532
825,2323.9768981933594,2323.9883422851562,0.534
826,2323.919677734375,2323.931121826172,0.52
827,2323.908233642578,2323.919677734375,0.556
828,2323.7937927246094,2323.8052368164062,0.822
829,2323.7823486328125,2323.7937927246094,0.576
830,2323.7136840820312,2323.725128173828,0.549
831,2323.7022399902344,2323.7136840820312,0.543
832,2323.6907958984375,2323.7022399902344,0.748
833,2323.6106872558594,2323.6221313476562,0.54
834,2323.5992431640625,2323.6106872558594,0.76
835,2323.5877990722656,2323.5992431640625,0.554
836,2323.553466796875,2323.564910888672,0.515
837,2323.5305786132812,2323.542022705078,0.578
838,2323.4962463378906,2323.5076904296875,0.572
839,2323.4275817871094,2323.4390258789062,0.64
840,2323.4161376953125,2323.4275817871094,0.607
841,2323.4046936035156,2323.4161376953125,0.67
842,2323.3245849609375,2323.3360290527344,0.526
843,2323.3131408691406,2323.3245849609375,0.52
844,2323.2215881347656,2323.2330322265625,0.55
845,2323.2101440429688,2323.2215881347656,0.764
846,2323.0384826660156,2323.0499267578125,0.587
847,2323.0270385742188,2323.0384826660156,0.608
848,2322.9354858398438,2322.9469299316406,0.554
849,2322.924041748047,2322.9354858398438,0.6
850,2322.832489013672,2322.8439331054688,0.605
851,2322.821044921875,2322.832489013672,0.546
852,2322.7981567382812,2322.809600830078,0.512
853,2322.7523803710938,2322.7638244628906,0.565
854,2322.740936279297,2322.7523803710938,0.637
855,2322.718048095703,2322.7294921875,0.554
856,2322.7066040039062,2322.718048095703,0.525
857,2322.637939453125,2322.649383544922,0.553
858,2322.557830810547,2322.5692749023438,0.565
859,2322.534942626953,2322.54638671875,0.564
860,2322.5234985351562,2322.534942626953,0.703
861,2322.454833984375,2322.466278076172,0.565
862,2322.443389892578,2322.454833984375,0.566
863,2322.4205017089844,2322.4319458007812,0.568
864,2322.4090576171875,2322.4205017089844,0.639
865,2322.351837158203,2322.36328125,0.541
866,2322.3403930664062,2322.351837158203,0.585
867,2322.3289489746094,2322.3403930664062,0.802
868,2322.2259521484375,2322.2373962402344,0.559
869,2322.1343994140625,2322.1458435058594,0.517
870,2321.9627380371094,2321.9741821289062,0.581
871,2321.8826293945312,2321.894073486328,0.56
872,2321.8711853027344,2321.8826293945312,0.647
873,2321.8482971191406,2321.8597412109375,0.871
874,2321.7796325683594,2321.7910766601562,0.534
875,2321.7681884765625,2321.7796325683594,0.616
876,2321.6880798339844,2321.6995239257812,0.504
877,2321.5965270996094,2321.6079711914062,0.578
878,2321.5736389160156,2321.5850830078125,0.595
879,2321.5621948242188,2321.5736389160156,0.536
880,2321.367645263672,2321.3790893554688,0.558
881,2321.2875366210938,2321.2989807128906,0.584
882,2321.1959838867188,2321.2074279785156,0.531
883,2321.184539794922,2321.1959838867188,0.639
884,2321.1044311523438,2321.1158752441406,0.578
885,2321.08154296875,2321.092987060547,0.586
886,2320.989990234375,2321.001434326172,0.501
887,2320.909881591797,2320.9213256835938,0.515
888,2320.8984375,2320.909881591797,0.582
889,2320.8755493164062,2320.886993408203,0.545
890,2320.8641052246094,2320.8755493164062,0.564
891,2320.795440673828,2320.806884765625,0.528
892,2320.7839965820312,2320.795440673828,0.548
893,2320.7725524902344,2320.7839965820312,0.595
894,2320.703887939453,2320.71533203125,0.656
895,2320.6924438476562,2320.703887939453,0.709
896,2320.6809997558594,2320.6924438476562,0.506
897,2320.6008911132812,2320.612335205078,0.723
898,2320.5780029296875,2320.5894470214844,0.576
899,2320.520782470703,2320.5322265625,0.551
900,2320.4864501953125,2320.4978942871094,0.527
901,2320.4063415527344,2320.4177856445312,0.747
902,2320.3948974609375,2320.4063415527344,0.542
903,2320.360565185547,2320.3720092773438,0.716
904,2320.337677001953,2320.34912109375,0.52
905,2320.3147888183594,2320.3262329101562,0.56
906,2320.2919006347656,2320.3033447265625,0.706
907,2320.257568359375,2320.269012451172,0.506
908,2320.2232360839844,2320.2346801757812,0.626
909,2320.1316833496094,2320.1431274414062,0.686
910,2320.0973510742188,2320.1087951660156,0.87
911,2320.0401306152344,2320.0515747070312,0.535
912,2320.0286865234375,2320.0401306152344,0.642
913,2320.0057983398438,2320.0172424316406,0.503
914,2319.994354248047,2320.0057983398438,0.726
915,2319.98291015625,2319.994354248047,0.519
916,2319.7425842285156,2319.7540283203125,0.591
917,2319.7311401367188,2319.7425842285156,0.51
918,2319.719696044922,2319.7311401367188,0.503
919,2319.5938110351562,2319.605255126953,0.536
920,2319.5823669433594,2319.5938110351562,0.866
921,2319.525146484375,2319.536590576172,0.523
922,2319.43359375,2319.445037841797,0.517
923,2319.3763732910156,2319.3878173828125,0.527
924,2319.239044189453,2319.25048828125,0.545
925,2319.2276000976562,2319.239044189453,0.502
926,2319.147491455078,2319.158935546875,0.505
927,2318.9529418945312,2318.964385986328,0.719
928,2318.8613891601562,2318.872833251953,0.552
929,2318.8499450683594,2318.8613891601562,0.584
930,2318.7698364257812,2318.781280517578,0.649
931,2318.5752868652344,2318.5867309570312,0.506
932,2318.3578491210938,2318.3692932128906,0.559
933,2318.2891845703125,2318.3006286621094,0.664
934,2318.163299560547,2318.1747436523438,0.845
935,2318.0946350097656,2318.1060791015625,0.53
936,2318.071746826172,2318.0831909179688,0.615
937,2317.877197265625,2317.888641357422,0.791
938,2317.865753173828,2317.877197265625,0.555
939,2317.705535888672,2317.7169799804688,0.614
940,2317.682647705078,2317.694091796875,0.619
941,2317.613983154297,2317.6254272460938,0.6
942,2317.6025390625,2317.613983154297,0.58
943,2317.591094970703,2317.6025390625,0.515
944,2317.5796508789062,2317.591094970703,0.639
945,2317.510986328125,2317.522430419922,0.688
946,2317.3965454101562,2317.407989501953,0.67
947,2317.247772216797,2317.2592163085938,0.516
948,2317.2134399414062,2317.224884033203,0.575
949,2317.1905517578125,2317.2019958496094,0.583
950,2317.1791076660156,2317.1905517578125,0.669
951,2317.1104431152344,2317.1218872070312,0.559
952,2317.0989990234375,2317.1104431152344,0.533
953,2317.0074462890625,2317.0188903808594,0.614
954,2316.9960021972656,2317.0074462890625,0.647
955,2316.8014526367188,2316.8128967285156,0.845
956,2316.7442321777344,2316.7556762695312,0.529
957,2316.7327880859375,2316.7442321777344,0.75
958,2316.7213439941406,2316.7327880859375,0.513
959,2316.7098999023438,2316.7213439941406,0.511
960,2316.6183471679688,2316.6297912597656,0.533
961,2316.606903076172,2316.6183471679688,0.635
962,2316.5496826171875,2316.5611267089844,0.615
963,2316.5382385253906,2316.5496826171875,0.855
964,2316.5267944335938,2316.5382385253906,0.529
965,2316.515350341797,2316.5267944335938,0.687
966,2316.50390625,2316.515350341797,0.618
967,2316.4695739746094,2316.4810180664062,0.597
968,2316.4352416992188,2316.4466857910156,0.717
969,2316.1605834960938,2316.1720275878906,0.578
970,2315.668487548828,2315.679931640625,0.889
971,2315.6455993652344,2315.6570434570312,0.692
972,2315.027618408203,2315.0390625,0.527
973,2313.9060974121094,2313.9175415039062,0.501
974,2313.8946533203125,2313.9060974121094,0.742
975,2313.8259887695312,2313.837432861328,0.702
976,2313.8145446777344,2313.8259887695312,0.54
977,2313.8031005859375,2313.8145446777344,0.834
978,2313.7344360351562,2313.745880126953,0.557
979,2313.7229919433594,2313.7344360351562,0.813
980,2313.6886596679688,2313.7001037597656,0.562
981,2313.5971069335938,2313.6085510253906,0.537
982,2313.5284423828125,2313.5398864746094,0.717
983,2313.5169982910156,2313.5284423828125,0.618
984,2313.4597778320312,2313.471221923828,0.684
985,2313.4254455566406,2313.4368896484375,0.523
986,2313.4140014648438,2313.4254455566406,0.513
987,2313.3682250976562,2313.379669189453,0.578
988,2313.3224487304688,2313.3338928222656,0.516
989,2313.2423400878906,2313.2537841796875,0.546
990,2313.2308959960938,2313.2423400878906,0.508
991,2313.1393432617188,2313.1507873535156,0.611
992,2313.116455078125,2313.127899169922,0.509
993,2310.2096557617188,2310.2210998535156,0.745
994,2310.003662109375,2310.015106201172,0.603
995,2309.168243408203,2309.1796875,0.567
996,2303.308868408203,2303.3203125,0.548
997,2423.426055908203,2423.4375,0.552
998,2420.496368408203,2420.5078125,0.515
999,2418.9170837402344,2418.9285278320312,0.508
1000,2417.566680908203,2417.578125,0.517
1001,2416.0446166992188,2416.0560607910156,0.664
1002,2415.9873962402344,2415.9988403320312,0.502
1003,2411.707305908203,2411.71875,0.619
1004,2402.918243408203,2402.9296875,0.551
1005,2388.269805908203,2388.28125,0.509
1006,2382.410430908203,2382.421875,0.524
1007,2370.691680908203,2370.703125,0.513
1008,2364.832305908203,2364.84375,0.559
1009,2476.160430908203,2476.171875,0.544
1010,2467.371368408203,2467.3828125,0.523
1011,2464.441680908203,2464.453125,0.529
1012,2455.652618408203,2455.6640625,0.508
1013,2452.722930908203,2452.734375,0.513
1014,2450.9719848632812,2450.983428955078,0.506
1015,2441.004180908203,2441.015625,0.681
1016,2440.9584045410156,2440.9698486328125,0.611
1017,2432.215118408203,2432.2265625,0.632
1018,2430.9791564941406,2430.9906005859375,0.642
1019,2426.355743408203,2426.3671875,0.529
1020,2531.824493408203,2531.8359375,0.574
1021,2525.965118408203,2525.9765625,0.502
1022,2523.035430908203,2523.046875,0.539
1023,2493.738555908203,2493.75,0.504
1024,2607.996368408203,2608.0078125,0.553
1025,2606.4285278320312,2606.439971923828,0.864
1026,2602.8236389160156,2602.8350830078125,0.503
1027,2602.8121948242188,2602.8236389160156,0.639
1028,2602.800750732422,2602.8121948242188,0.615
1029,2599.207305908203,2599.21875,0.512
1030,2584.558868408203,2584.5703125,0.564
1031,2561.121368408203,2561.1328125,0.538
1032,2558.191680908203,2558.203125,0.504
1033,2675.379180908203,2675.390625,0.552
1034,2669.519805908203,2669.53125,0.503
1035,2666.590118408203,2666.6015625,0.541
1036,2660.730743408203,2660.7421875,0.528
1037,2654.871368408203,2654.8828125,0.588
1038,2646.082305908203,2646.09375,0.584
1039,2637.293243408203,2637.3046875,0.602
1040,2628.504180908203,2628.515625,0.542
1041,2619.715118408203,2619.7265625,0.515
1042,2616.6709899902344,2616.6824340820312,0.527
1043,2739.832305908203,2739.84375,0.544
1044,2736.902618408203,2736.9140625,0.599
1045,2733.972930908203,2733.984375,0.695
1046,2731.043243408203,2731.0546875,0.515
1047,2728.113555908203,2728.125,0.678
1048,2725.183868408203,2725.1953125,0.531
1049,2722.254180908203,2722.265625,0.501
1050,2719.324493408203,2719.3359375,0.503
1051,2716.394805908203,2716.40625,0.509
1052,2713.465118408203,2713.4765625,0.558
1053,2707.605743408203,2707.6171875,0.608
1054,2704.676055908203,2704.6875,0.554
1055,2698.816680908203,2698.828125,0.502
1056,2695.886993408203,2695.8984375,0.527
1057,2692.957305908203,2692.96875,0.503
1058,2678.308868408203,2678.3203125,0.556
1059,2801.355743408203,2801.3671875,0.544
1060,2798.426055908203,2798.4375,0.553
1061,2793.9056396484375,2793.9170837402344,0.866
1062,2789.636993408203,2789.6484375,0.518
1063,2786.272430419922,2786.2838745117188,0.811
1064,2780.847930908203,2780.859375,0.566
1065,2780.0697326660156,2780.0811767578125,0.701
1066,2779.8751831054688,2779.8866271972656,0.884
1067,2772.058868408203,2772.0703125,0.591
1068,2766.199493408203,2766.2109375,0.519
1069,2760.340118408203,2760.3515625,0.627
1070,2757.410430908203,2757.421875,0.629
1071,2754.480743408203,2754.4921875,0.665
1072,2751.551055908203,2751.5625,0.544
1073,2748.6671447753906,2748.6785888671875,0.518
1074,2745.691680908203,2745.703125,0.531
1075,2742.761993408203,2742.7734375,0.559
1076,2742.2698974609375,2742.2813415527344,0.648
